name,email,phone_number,address,account_number,createdAt,updatedAt
Brion Phillott,bphillott0@yolasite.com,955-406-5761,Suite 68,48-678-3253,5/30/2023,6/3/2023
Aluino Feldman,afeldman1@ehow.com,444-776-2836,Suite 4,15-950-0521,10/31/2022,6/2/2023
Tuckie Cradick,tcradick2@github.com,521-325-6296,Apt 1820,88-072-4926,2/16/2023,6/29/2023
Lorinda Chapelhow,lchapelhow3@va.gov,702-443-3939,Suite 80,85-311-8206,5/4/2023,5/6/2023
Yorgos Lydall,ylydall4@webnode.com,814-144-4717,Apt 1717,43-980-3910,11/7/2022,2/26/2023
Gerik Rodway,grodway5@state.gov,528-602-3081,Room 609,52-530-6004,10/20/2023,6/10/2023
Orville Huster,ohuster6@cam.ac.uk,249-563-9701,17th Floor,70-363-4028,7/20/2023,4/13/2023
Doralynne Neles,dneles7@salon.com,107-800-6739,Suite 55,68-451-6824,2/16/2023,4/1/2023
Amalita Bolles,abolles8@mashable.com,764-980-8728,17th Floor,20-151-5089,11/8/2022,3/3/2023
Beatrix Elt,belt9@naver.com,263-774-5866,Room 1369,58-881-7458,3/29/2023,1/22/2023
Brion Mannin,bmannina@mozilla.com,898-321-0615,Room 1012,36-484-6553,8/17/2023,2/12/2023
Lorry Kielty,lkieltyb@simplemachines.org,232-405-8172,PO Box 350,18-276-9937,8/7/2023,3/23/2023
Andy Mistry,amistryc@geocities.com,318-159-0186,PO Box 56502,50-271-1110,9/28/2023,10/31/2022
Sherill Sheach,ssheachd@archive.org,550-712-5118,Apt 12,90-577-0922,8/19/2023,1/30/2023
Rory Mollon,rmollone@toplist.cz,325-448-4891,9th Floor,99-379-0143,8/5/2023,8/25/2023
Saxon Dozdill,sdozdillf@t-online.de,228-825-0055,Room 346,05-366-6016,6/15/2023,10/21/2023
Fionna Basilio,fbasiliog@gravatar.com,885-976-4292,18th Floor,88-792-8431,2/19/2023,5/23/2023
Rosabella Pickle,rpickleh@ovh.net,614-733-0311,Room 783,86-734-4075,11/15/2022,6/16/2023
Ernesta Horsfield,ehorsfieldi@rakuten.co.jp,416-460-1074,Apt 816,59-626-1885,4/4/2023,12/3/2022
Fulvia Heinl,fheinlj@digg.com,118-583-4834,Apt 1256,20-907-9537,10/4/2023,11/18/2022
Blayne Coldtart,bcoldtartk@fc2.com,914-698-7179,Room 1044,70-118-8191,11/14/2022,1/21/2023
Chickie Bound,cboundl@ted.com,530-996-6019,Suite 22,10-482-3279,9/14/2023,11/1/2022
Ericka Hounsham,ehounshamm@fema.gov,911-487-3320,Room 1510,08-009-7137,10/26/2023,9/26/2023
Cammie Servant,cservantn@goo.ne.jp,651-499-9063,16th Floor,83-155-7513,7/18/2023,10/1/2023
Kahaleel Pagan,kpagano@squidoo.com,466-855-5505,1st Floor,37-491-5062,1/2/2023,11/11/2022
Lauretta Cowing,lcowingp@delicious.com,567-353-7813,PO Box 99110,76-580-0732,6/21/2023,8/8/2023
Jasper Tremollet,jtremolletq@etsy.com,231-675-1156,Apt 82,46-486-8496,7/22/2023,7/17/2023
Goraud Terris,gterrisr@ycombinator.com,111-877-0339,Apt 319,58-456-6437,5/21/2023,1/18/2023
Dian Bayman,dbaymans@over-blog.com,423-678-8494,Room 1950,30-366-7208,11/17/2022,12/4/2022
Rorke Copas,rcopast@cnn.com,916-851-4925,Apt 1733,68-027-1074,6/12/2023,1/18/2023
Hildegaard Saterweyte,hsaterweyteu@elegantthemes.com,133-695-9416,Apt 362,07-575-5378,4/4/2023,2/3/2023
Alia Cowins,acowinsv@4shared.com,448-795-6737,10th Floor,19-132-5741,1/9/2023,5/26/2023
Peyton Probbin,pprobbinw@pbs.org,859-368-9482,1st Floor,30-372-1652,6/24/2023,11/20/2022
Shelden Coonihan,scoonihanx@t-online.de,165-785-1328,Room 200,44-046-9284,12/9/2022,7/1/2023
Gino Dunston,gdunstony@goo.gl,348-560-3407,6th Floor,69-820-1367,11/27/2022,11/12/2022
Nikolai Francais,nfrancaisz@mayoclinic.com,258-651-9640,PO Box 24954,77-264-1215,1/2/2023,1/7/2023
Winne Gabbot,wgabbot10@wordpress.com,467-369-2473,PO Box 75316,45-799-1989,1/16/2023,2/3/2023
Maryjane Tolhurst,mtolhurst11@omniture.com,372-497-8922,Apt 1638,92-587-7799,2/5/2023,5/10/2023
Coreen Ong,cong12@dyndns.org,102-915-8870,PO Box 52516,28-806-8183,7/6/2023,2/6/2023
Dav Knee,dknee13@godaddy.com,275-635-4509,16th Floor,57-676-9668,10/5/2023,3/27/2023
Tybie O'Dennehy,todennehy14@dyndns.org,219-489-4673,1st Floor,80-077-1595,11/29/2022,12/11/2022
Karalee Le Gassick,kle15@ustream.tv,659-361-4905,PO Box 20715,04-805-2633,12/30/2022,12/16/2022
Raoul Burkitt,rburkitt16@posterous.com,384-257-1445,Room 1222,29-658-3078,8/17/2023,11/2/2022
Natalya Gledhill,ngledhill17@wikipedia.org,657-194-2492,Suite 8,59-560-3911,7/15/2023,1/16/2023
Erin Cockran,ecockran18@harvard.edu,381-278-0977,17th Floor,51-391-1868,4/27/2023,5/31/2023
Felicia Luckett,fluckett19@tinyurl.com,353-140-0251,Suite 10,14-676-7900,8/29/2023,3/9/2023
Joline Hellis,jhellis1a@imdb.com,911-499-9777,Room 1133,11-500-1354,12/21/2022,12/27/2022
Simone Norwood,snorwood1b@fema.gov,883-776-5702,PO Box 34251,69-325-5458,3/7/2023,1/3/2023
Jamal Pedrol,jpedrol1c@amazon.co.uk,686-110-1326,Apt 175,06-549-2075,9/15/2023,3/2/2023
Isadora Pisculli,ipisculli1d@clickbank.net,938-881-9789,Room 1290,27-513-2778,10/26/2023,11/6/2022
Dotty Scibsey,dscibsey1e@craigslist.org,734-591-8640,11th Floor,25-751-0386,7/10/2023,2/3/2023
Manfred Haylock,mhaylock1f@ted.com,427-340-3358,PO Box 26240,40-197-6846,4/26/2023,8/23/2023
Brande Pimlock,bpimlock1g@ted.com,104-258-3858,Suite 46,66-038-7767,1/1/2023,10/25/2023
Madelon Dewsnap,mdewsnap1h@admin.ch,620-478-1720,PO Box 85762,67-112-0473,12/14/2022,12/29/2022
Guilbert Feechum,gfeechum1i@theguardian.com,249-549-6013,Apt 557,29-521-1368,2/9/2023,2/20/2023
Ciel Densey,cdensey1j@vistaprint.com,796-490-5880,Room 258,45-737-8370,1/26/2023,8/15/2023
Appolonia Palatino,apalatino1k@redcross.org,373-385-8657,Suite 2,71-408-9524,6/8/2023,3/11/2023
Meriel Cuphus,mcuphus1l@hubpages.com,478-575-5585,5th Floor,21-975-1493,7/5/2023,7/13/2023
Burch Willcot,bwillcot1m@yellowbook.com,224-513-5830,Room 305,72-812-1139,12/1/2022,1/20/2023
Farrel Trayford,ftrayford1n@webmd.com,494-173-2460,Suite 48,14-606-5560,11/26/2022,9/4/2023
Roberta Duxbarry,rduxbarry1o@ifeng.com,568-358-6617,PO Box 17913,91-576-0523,12/26/2022,7/2/2023
Antonius Maberley,amaberley1p@phpbb.com,518-170-7858,Apt 566,62-914-1247,10/6/2023,1/21/2023
Jamie Werrilow,jwerrilow1q@wikia.com,206-168-6462,Room 328,32-181-8317,2/22/2023,5/23/2023
Hally Fyall,hfyall1r@tmall.com,503-764-8370,Apt 1279,54-129-4763,4/29/2023,12/20/2022
Kylynn Chagg,kchagg1s@mozilla.com,901-330-6940,13th Floor,79-361-3452,8/24/2023,6/8/2023
Ettie Dungate,edungate1t@pinterest.com,894-174-3722,Room 1,27-708-6289,2/26/2023,5/10/2023
Chas Calvie,ccalvie1u@xinhuanet.com,587-646-6145,Suite 13,14-964-6362,6/27/2023,8/22/2023
Kelley Youles,kyoules1v@ycombinator.com,219-781-2257,PO Box 33607,83-246-1155,4/5/2023,8/17/2023
Lynnette Winterbourne,lwinterbourne1w@themeforest.net,915-515-0617,PO Box 65315,48-973-3781,11/2/2022,6/7/2023
Caralie Doddridge,cdoddridge1x@jimdo.com,999-559-3430,PO Box 60714,25-808-2341,9/20/2023,7/3/2023
Fredelia Hinckes,fhinckes1y@buzzfeed.com,913-315-9738,Room 1961,42-850-4346,5/13/2023,11/18/2022
Gale Tichner,gtichner1z@scribd.com,739-916-4370,Room 534,51-920-6485,2/18/2023,5/23/2023
Francesca Jagels,fjagels20@bizjournals.com,587-319-7985,Apt 253,89-858-0027,3/1/2023,3/22/2023
Greg Danilovitch,gdanilovitch21@arstechnica.com,285-455-4437,PO Box 15863,31-952-4221,1/23/2023,10/3/2023
Odelia Guinery,oguinery22@blinklist.com,205-376-5121,PO Box 32746,41-266-3490,5/18/2023,9/3/2023
Tina Kalkofen,tkalkofen23@mozilla.org,158-884-9889,Room 1902,12-454-9600,4/20/2023,6/20/2023
Leigh Duns,lduns24@abc.net.au,416-811-6519,Suite 44,43-350-0506,8/30/2023,5/4/2023
Tracy Laste,tlaste25@irs.gov,418-355-0104,4th Floor,64-433-4805,8/5/2023,11/14/2022
Prent Legge,plegge26@shinystat.com,951-638-5191,Apt 1034,28-838-9747,4/11/2023,11/22/2022
Sampson Matonin,smatonin27@npr.org,264-547-1725,13th Floor,43-072-8950,8/26/2023,4/22/2023
Birk Wildash,bwildash28@illinois.edu,574-429-1365,14th Floor,09-903-8420,10/30/2023,11/24/2022
Antonino Flury,aflury29@examiner.com,267-281-6745,Suite 68,77-808-5545,1/5/2023,3/5/2023
Wes Shewen,wshewen2a@meetup.com,638-291-4426,Room 1661,78-584-9569,10/9/2023,11/14/2022
Miles Grunder,mgrunder2b@wikia.com,120-558-1881,Apt 1937,72-287-4418,12/1/2022,12/21/2022
Beverly Grebert,bgrebert2c@dailymail.co.uk,647-771-7715,Room 280,05-928-0453,12/10/2022,3/27/2023
Eula Decourcy,edecourcy2d@msn.com,127-415-7576,17th Floor,89-303-4694,10/19/2023,5/30/2023
Base Yeude,byeude2e@jugem.jp,384-844-7589,PO Box 48776,92-742-9081,10/22/2023,9/1/2023
Darya Crocroft,dcrocroft2f@t-online.de,451-870-4050,20th Floor,59-084-0279,3/27/2023,3/27/2023
Miguela Upjohn,mupjohn2g@cyberchimps.com,685-759-6915,Suite 66,59-505-0686,8/10/2023,2/11/2023
Honoria Packe,hpacke2h@prlog.org,602-830-1360,PO Box 92961,21-214-0667,1/22/2023,6/29/2023
Laurene Randleson,lrandleson2i@unc.edu,802-515-5613,Apt 1647,12-726-8666,6/10/2023,6/14/2023
Cammy Leavesley,cleavesley2j@taobao.com,851-257-1772,Suite 46,19-191-5354,11/6/2022,1/5/2023
Sherwynd Ebbing,sebbing2k@altervista.org,213-623-8040,Apt 230,57-078-2031,1/10/2023,5/23/2023
Peyton Erley,perley2l@clickbank.net,577-237-0753,PO Box 79503,28-741-2547,6/17/2023,12/4/2022
Sheila Battams,sbattams2m@imgur.com,466-781-7485,Suite 20,17-919-2586,12/1/2022,4/21/2023
Mendy Simmen,msimmen2n@devhub.com,888-107-2878,Suite 16,74-924-3720,7/8/2023,10/9/2023
Laurence Ateridge,lateridge2o@blogtalkradio.com,220-945-2001,PO Box 49321,11-729-5941,12/8/2022,8/18/2023
Sheree Macartney,smacartney2p@narod.ru,222-842-6485,Apt 861,63-478-6797,4/7/2023,5/3/2023
Cherie Koeppe,ckoeppe2q@unc.edu,741-113-6293,11th Floor,66-637-1561,5/30/2023,3/16/2023
Juline Gallelli,jgallelli2r@theatlantic.com,237-998-5724,Apt 28,70-126-2336,1/22/2023,8/31/2023
Lillian Braunter,lbraunter2s@huffingtonpost.com,471-782-6976,PO Box 19044,49-378-6967,11/9/2022,11/11/2022
Gherardo Mouget,gmouget2t@cbslocal.com,346-898-2985,Apt 871,90-866-2821,11/22/2022,3/21/2023
Jany McVeighty,jmcveighty2u@purevolume.com,880-701-8155,Suite 8,60-676-9258,9/9/2023,1/13/2023
Leoine Adcock,ladcock2v@goo.gl,772-982-3434,Apt 1146,47-902-8709,6/30/2023,4/5/2023
Lorilyn Gilpin,lgilpin2w@nih.gov,464-402-2827,Suite 9,79-173-7866,5/16/2023,2/27/2023
Doralin Palfreeman,dpalfreeman2x@ibm.com,754-506-1766,PO Box 86556,45-903-9800,5/28/2023,6/26/2023
Valida Mokes,vmokes2y@1und1.de,215-592-9375,18th Floor,42-352-8466,3/9/2023,3/16/2023
Elissa Light,elight2z@bloglovin.com,151-135-1717,Room 1585,43-028-2782,1/25/2023,8/22/2023
Lolly Isaksson,lisaksson30@tinypic.com,715-949-1060,Apt 170,21-213-2277,1/22/2023,6/2/2023
Sigmund Kingsman,skingsman31@va.gov,647-772-9689,PO Box 21487,24-318-2431,8/13/2023,12/13/2022
Thorvald Volke,tvolke32@wisc.edu,217-263-8397,Apt 1636,13-607-0580,7/30/2023,3/10/2023
Lucas Sillis,lsillis33@netlog.com,491-626-0144,Room 1585,97-357-7401,4/20/2023,9/5/2023
Bondon Spinke,bspinke34@live.com,513-286-9705,PO Box 87045,22-872-1642,11/15/2022,5/25/2023
Dorian Reckus,dreckus35@time.com,974-424-7656,Apt 1191,08-934-9898,1/11/2023,9/14/2023
Cesare Windley,cwindley36@usa.gov,615-862-7610,PO Box 29434,85-583-3749,3/26/2023,6/27/2023
Forrest Parkes,fparkes37@nbcnews.com,267-341-2148,Room 1596,06-955-4318,4/10/2023,6/3/2023
Alisha Speak,aspeak38@odnoklassniki.ru,629-555-9660,PO Box 81273,56-318-1720,1/16/2023,12/15/2022
Berkeley Marchington,bmarchington39@ox.ac.uk,249-239-4189,11th Floor,54-461-4969,12/12/2022,3/8/2023
Gail Wedmore,gwedmore3a@i2i.jp,824-901-9096,7th Floor,07-600-7389,11/27/2022,8/24/2023
Sydney Oakland,soakland3b@cloudflare.com,524-851-0118,PO Box 1849,26-903-9576,2/4/2023,1/8/2023
Mildred Brellin,mbrellin3c@ow.ly,142-652-3099,Apt 521,29-179-5185,10/10/2023,7/8/2023
Claire Ishak,cishak3d@instagram.com,260-507-9584,Apt 90,19-169-2666,9/15/2023,3/8/2023
Sal Helm,shelm3e@huffingtonpost.com,342-800-1854,Room 844,21-628-8841,4/27/2023,10/24/2023
Jenn Crucitti,jcrucitti3f@friendfeed.com,656-792-9389,20th Floor,02-379-1942,8/20/2023,11/12/2022
Thor D'Alessio,tdalessio3g@github.io,410-939-1577,Apt 205,64-244-7794,1/6/2023,8/8/2023
Mandel Marishenko,mmarishenko3h@51.la,284-580-3557,PO Box 92112,23-032-1992,8/30/2023,10/9/2023
Brod Martill,bmartill3i@list-manage.com,198-880-7125,PO Box 77221,41-594-9391,10/1/2023,6/6/2023
Sigrid Bilverstone,sbilverstone3j@jalbum.net,848-535-9812,Suite 5,56-799-2068,12/30/2022,6/2/2023
Kurtis McKirdy,kmckirdy3k@ustream.tv,604-801-8912,20th Floor,76-477-3188,2/12/2023,5/30/2023
Prince Snary,psnary3l@naver.com,771-788-6396,11th Floor,48-503-7236,11/27/2022,4/25/2023
Fidole MacCallister,fmaccallister3m@stanford.edu,567-723-0365,Suite 93,53-892-6305,6/8/2023,11/25/2022
Liza Bergen,lbergen3n@hibu.com,366-942-8870,Suite 64,70-937-8863,6/12/2023,8/30/2023
Blondie Keeney,bkeeney3o@auda.org.au,188-240-8359,Suite 22,82-185-4698,10/13/2023,2/7/2023
Boote Ridel,bridel3p@marketwatch.com,405-389-8277,Suite 56,59-357-3614,11/18/2022,9/15/2023
Tobi Edmett,tedmett3q@tamu.edu,264-677-9838,Suite 95,28-763-0350,1/25/2023,3/6/2023
Eleen Aubery,eaubery3r@eepurl.com,977-408-0205,PO Box 89450,47-763-2071,10/16/2023,7/27/2023
Milt Cussen,mcussen3s@sphinn.com,433-314-7138,Room 1835,50-708-8996,3/12/2023,5/21/2023
Rhett Andell,randell3t@technorati.com,957-832-8358,5th Floor,59-257-1689,7/30/2023,4/18/2023
Weston Quinby,wquinby3u@tripod.com,977-702-1071,PO Box 17147,15-571-7776,2/16/2023,1/18/2023
Leontine Minot,lminot3v@prlog.org,943-522-1024,Room 1931,65-546-0559,9/20/2023,9/16/2023
Berny Ballard,bballard3w@walmart.com,866-995-2261,Suite 98,17-087-9369,10/30/2023,9/20/2023
Lucienne Dyment,ldyment3x@wikia.com,958-111-4405,4th Floor,27-094-9283,8/14/2023,10/24/2023
Jessa Guymer,jguymer3y@intel.com,208-128-8922,PO Box 90603,92-914-9860,8/10/2023,9/11/2023
Asa Galbraeth,agalbraeth3z@mysql.com,192-868-6869,PO Box 37943,23-060-1104,2/18/2023,8/13/2023
Claudine Whitten,cwhitten40@umn.edu,717-429-3893,Room 694,19-887-2570,1/26/2023,7/4/2023
Quinlan MacGee,qmacgee41@netvibes.com,781-437-7550,PO Box 30386,80-507-3409,9/4/2023,12/25/2022
Olympe Feron,oferon42@wordpress.org,629-653-9585,Room 1282,46-413-8589,11/17/2022,10/13/2023
Lorrie Scraney,lscraney43@netvibes.com,614-685-7798,Suite 40,26-016-5794,5/1/2023,10/31/2022
Delmar Keoghane,dkeoghane44@arstechnica.com,312-226-9483,Apt 556,66-839-1811,5/27/2023,4/12/2023
Anne-corinne Dettmar,adettmar45@psu.edu,481-492-9119,PO Box 91953,32-441-3394,5/1/2023,10/17/2023
Francyne Lesmonde,flesmonde46@usgs.gov,722-918-2905,Room 663,06-244-9909,8/15/2023,10/14/2023
Gawen Wyndham,gwyndham47@domainmarket.com,974-985-9544,Apt 1293,25-810-9204,5/24/2023,1/3/2023
Aurora Jaycock,ajaycock48@cam.ac.uk,691-453-2422,Room 1296,91-513-3912,12/18/2022,7/2/2023
Valentine Garlette,vgarlette49@arizona.edu,832-513-4124,14th Floor,98-557-9665,10/5/2023,12/27/2022
Harlene Stevani,hstevani4a@mapy.cz,341-695-5553,Room 1486,53-620-0924,11/25/2022,4/29/2023
Sheila Hendrick,shendrick4b@ted.com,981-932-2921,Room 1004,64-974-5686,8/4/2023,1/31/2023
Leese Romeuf,lromeuf4c@infoseek.co.jp,502-938-6192,2nd Floor,38-773-9623,11/14/2022,3/23/2023
Melinda Columbell,mcolumbell4d@ibm.com,705-880-6387,Suite 51,67-785-3446,4/29/2023,5/19/2023
Griz Bramsom,gbramsom4e@amazon.de,409-779-7644,Room 1119,64-904-4611,11/13/2022,10/30/2023
Hal Kilban,hkilban4f@facebook.com,504-122-8087,PO Box 95150,02-405-3444,1/10/2023,1/14/2023
Jacquelyn Bernolet,jbernolet4g@newyorker.com,226-345-5411,11th Floor,23-390-6557,7/20/2023,2/11/2023
Farra Stannah,fstannah4h@amazon.co.jp,486-782-5779,Suite 90,94-019-8020,8/4/2023,1/6/2023
Tricia Salazar,tsalazar4i@1und1.de,499-849-2079,Suite 34,35-052-3797,4/25/2023,8/10/2023
Shell Aim,saim4j@wufoo.com,514-654-8882,Suite 56,85-950-7702,6/3/2023,5/8/2023
Owen Quinlan,oquinlan4k@dmoz.org,192-242-2093,2nd Floor,89-557-9117,11/29/2022,9/13/2023
Hester Feakins,hfeakins4l@nhs.uk,612-329-5491,Apt 1386,51-232-8027,2/26/2023,2/6/2023
Myrwyn Northage,mnorthage4m@cbsnews.com,596-686-9915,PO Box 34789,71-404-8616,12/10/2022,8/2/2023
Morganica Buckell,mbuckell4n@engadget.com,378-142-6368,Suite 25,78-332-9903,10/12/2023,10/6/2023
Kelby Gippes,kgippes4o@constantcontact.com,677-988-5505,Apt 1398,45-469-3779,8/30/2023,7/9/2023
Orel Vivyan,ovivyan4p@dailymail.co.uk,177-387-6901,Suite 45,75-568-0523,4/15/2023,6/27/2023
Gloriana Shegog,gshegog4q@ehow.com,944-205-0651,Room 1136,67-231-2408,7/19/2023,10/21/2023
Missie Bosward,mbosward4r@opera.com,979-163-8039,Suite 3,99-013-4763,9/15/2023,10/4/2023
Arturo Tidder,atidder4s@photobucket.com,609-588-0139,Apt 1339,89-774-2281,4/23/2023,9/2/2023
Siegfried Stainbridge,sstainbridge4t@buzzfeed.com,679-920-9742,1st Floor,58-559-4373,3/14/2023,1/26/2023
Charlot Fonte,cfonte4u@msn.com,343-877-3510,Apt 1305,09-568-1799,9/3/2023,2/8/2023
Adorne Outram,aoutram4v@xrea.com,266-384-0856,Room 1359,79-591-1515,12/24/2022,1/18/2023
Sylvia Peregrine,speregrine4w@1und1.de,776-913-4586,Suite 14,82-431-9879,8/8/2023,11/12/2022
Bordy Holde,bholde4x@marriott.com,326-742-9481,PO Box 57588,57-871-2282,10/2/2023,5/11/2023
Doyle Weeden,dweeden4y@marketwatch.com,237-288-6594,Suite 19,54-813-4496,12/25/2022,7/31/2023
Myrle Tinsley,mtinsley4z@berkeley.edu,954-719-4469,5th Floor,92-993-4904,7/3/2023,1/15/2023
Marilyn Derrington,mderrington50@un.org,277-348-1276,Apt 1793,13-799-0109,9/5/2023,12/29/2022
Nettie Grosier,ngrosier51@google.com,319-334-4972,PO Box 42662,17-805-8391,5/10/2023,7/16/2023
Seumas Nunes Nabarro,snunes52@tumblr.com,428-206-0681,Room 349,39-820-9003,5/7/2023,4/27/2023
Amalia Tummons,atummons53@wikimedia.org,108-551-0697,15th Floor,68-348-1763,3/15/2023,5/23/2023
Leoine Du Barry,ldu54@t.co,482-186-7685,PO Box 48014,63-827-7831,10/31/2022,10/21/2023
Atalanta Bernardo,abernardo55@bloglovin.com,971-170-9492,Suite 66,87-580-7950,9/26/2023,7/24/2023
Tish Kirtlan,tkirtlan56@discovery.com,695-746-3357,Room 1894,88-484-4507,9/4/2023,5/4/2023
Base Reglar,breglar57@usgs.gov,949-778-9141,PO Box 88895,80-332-9783,4/24/2023,1/25/2023
Chrystel Cullinane,ccullinane58@privacy.gov.au,985-520-1860,Suite 46,79-896-5868,7/22/2023,5/20/2023
Carita Reeds,creeds59@upenn.edu,188-778-7989,Apt 825,32-996-8220,10/7/2023,3/24/2023
Griselda Saberton,gsaberton5a@wisc.edu,844-268-7130,PO Box 57868,16-963-9272,4/8/2023,4/11/2023
Carmel Seeler,cseeler5b@usa.gov,817-890-3608,Room 1371,19-574-9668,5/25/2023,12/6/2022
Bethany Abernethy,babernethy5c@howstuffworks.com,493-848-2720,20th Floor,92-672-7420,5/2/2023,11/20/2022
Tine Jancey,tjancey5d@huffingtonpost.com,635-691-4450,Room 965,79-073-3104,3/14/2023,1/28/2023
Cassius Balk,cbalk5e@cnet.com,340-954-7793,Room 681,10-015-9928,11/2/2022,3/22/2023
Glad Whitcher,gwhitcher5f@bizjournals.com,998-898-0284,Suite 25,36-942-7338,11/6/2022,10/2/2023
Kenn Pouck,kpouck5g@macromedia.com,423-403-9721,Room 79,10-608-8089,9/9/2023,9/3/2023
Rianon Borrett,rborrett5h@epa.gov,619-936-2587,Room 1897,44-698-8893,6/19/2023,8/29/2023
Kaela Edgerton,kedgerton5i@bloomberg.com,186-240-6865,10th Floor,80-292-1953,11/17/2022,7/3/2023
Dorey Izaac,dizaac5j@shutterfly.com,429-106-5728,19th Floor,01-612-2382,9/22/2023,12/26/2022
Pierrette Tybalt,ptybalt5k@dion.ne.jp,941-557-3080,Suite 82,24-066-2053,5/14/2023,10/15/2023
Yale Joburn,yjoburn5l@rediff.com,636-572-1738,Suite 23,05-810-4025,4/5/2023,6/15/2023
Joan Stucke,jstucke5m@reuters.com,302-925-6832,Room 1181,69-225-3788,2/6/2023,9/20/2023
Kort Veltman,kveltman5n@networkadvertising.org,392-857-3539,15th Floor,48-819-0050,10/10/2023,1/15/2023
Ozzy Holt,oholt5o@about.me,121-133-7586,PO Box 12363,30-147-7083,10/15/2023,7/18/2023
Iolanthe McGarel,imcgarel5p@usa.gov,852-554-1897,20th Floor,68-941-6223,12/31/2022,1/5/2023
Onida Rutgers,orutgers5q@va.gov,702-179-3594,Apt 763,80-917-0362,3/19/2023,1/26/2023
Tadeo Rilings,trilings5r@howstuffworks.com,581-402-8516,Apt 11,02-764-5884,5/5/2023,6/18/2023
Towney Abbys,tabbys5s@google.com.au,549-361-6751,PO Box 68260,23-095-1646,7/2/2023,6/8/2023
Sisely Carreck,scarreck5t@whitehouse.gov,920-615-9715,Apt 604,00-642-5688,9/14/2023,5/17/2023
Niven Esberger,nesberger5u@usatoday.com,251-693-5975,20th Floor,44-925-7897,5/7/2023,4/5/2023
Tamma Purdy,tpurdy5v@npr.org,209-114-3845,Room 899,39-588-8814,1/23/2023,11/1/2022
Matthaeus McNelly,mmcnelly5w@dell.com,214-682-1900,Apt 127,46-973-3500,8/10/2023,1/20/2023
Wendel Grinston,wgrinston5x@ebay.com,581-395-6943,Apt 1412,63-381-1201,6/7/2023,10/15/2023
Oswell Taffrey,otaffrey5y@smugmug.com,163-283-0996,PO Box 77783,26-297-7703,5/7/2023,5/18/2023
Valaria Jeannot,vjeannot5z@amazonaws.com,467-921-8357,PO Box 1923,56-858-6222,5/18/2023,7/11/2023
Ricca Noni,rnoni60@samsung.com,520-320-8132,Apt 1473,25-153-7279,8/3/2023,5/27/2023
Filippo Lount,flount61@earthlink.net,969-968-1368,PO Box 54369,03-163-3321,11/8/2022,1/27/2023
Justinian Smelley,jsmelley62@blog.com,957-429-8270,1st Floor,33-801-0692,3/21/2023,10/17/2023
Vivienne MacKaig,vmackaig63@surveymonkey.com,152-525-6914,Room 1394,92-890-1843,1/10/2023,10/11/2023
Joyce Mackinder,jmackinder64@elegantthemes.com,638-949-7131,PO Box 57097,81-465-2400,5/5/2023,7/15/2023
Lindsey Simonite,lsimonite65@nyu.edu,205-915-7267,PO Box 93656,54-230-7106,11/26/2022,3/11/2023
Luciano Matuskiewicz,lmatuskiewicz66@nba.com,729-313-6614,Suite 27,80-465-2185,11/22/2022,4/20/2023
Codi L'Episcopi,clepiscopi67@princeton.edu,785-284-3272,PO Box 93738,09-245-3321,5/10/2023,3/7/2023
Florry Curnokk,fcurnokk68@usnews.com,732-210-3343,Suite 90,49-144-3833,3/9/2023,5/1/2023
Cullen Berks,cberks69@unblog.fr,792-404-7015,PO Box 80733,27-150-5696,10/20/2023,8/11/2023
Rowland Laban,rlaban6a@amazon.de,739-572-3812,Suite 50,22-068-5804,1/30/2023,3/7/2023
Antoni Hallyburton,ahallyburton6b@is.gd,302-995-6388,Room 1992,32-742-0873,4/21/2023,6/14/2023
Delbert Rutherford,drutherford6c@friendfeed.com,220-931-2397,15th Floor,17-815-2078,5/30/2023,4/10/2023
Alex Wile,awile6d@clickbank.net,761-773-5017,8th Floor,77-355-4004,3/29/2023,4/11/2023
Lori Caltera,lcaltera6e@bing.com,224-958-6213,20th Floor,83-734-0939,7/27/2023,10/15/2023
Jamil Passo,jpasso6f@ca.gov,384-909-9342,Suite 80,58-561-5118,12/29/2022,12/19/2022
Lisa Vlach,lvlach6g@sciencedaily.com,356-539-6037,Suite 82,49-529-6407,11/29/2022,4/18/2023
Hazel Gower,hgower6h@comcast.net,565-759-1439,19th Floor,28-876-8864,12/7/2022,6/20/2023
Georgie Tuffs,gtuffs6i@msn.com,157-317-2344,2nd Floor,67-643-0621,6/21/2023,7/28/2023
Merrilee Silkstone,msilkstone6j@mayoclinic.com,399-764-5040,Room 1479,64-343-3244,2/27/2023,7/11/2023
Boyd Chorley,bchorley6k@time.com,630-815-3499,2nd Floor,17-361-4658,4/28/2023,10/23/2023
Xavier Burd,xburd6l@jigsy.com,748-440-8081,Room 1894,47-922-7385,1/22/2023,8/20/2023
Sydney Feely,sfeely6m@hubpages.com,924-824-0503,Room 1300,41-191-4064,3/26/2023,10/12/2023
Meir Tall,mtall6n@addthis.com,799-487-0768,Room 243,80-640-6013,6/27/2023,2/19/2023
Torry Lecky,tlecky6o@ovh.net,498-571-3524,Room 14,61-143-6272,11/8/2022,9/13/2023
Rolfe Bohlin,rbohlin6p@artisteer.com,274-527-4718,Room 809,22-381-1156,4/15/2023,8/21/2023
Sarine Chesser,schesser6q@yale.edu,329-632-3759,20th Floor,45-862-4746,3/19/2023,6/11/2023
Yelena McPhillimey,ymcphillimey6r@marriott.com,276-955-0866,Suite 88,24-706-9596,9/25/2023,7/22/2023
Griffith Kirkman,gkirkman6s@wisc.edu,127-632-9065,3rd Floor,83-628-5440,3/4/2023,5/14/2023
Griffie Wellstead,gwellstead6t@furl.net,689-765-7990,9th Floor,90-761-2465,8/30/2023,5/30/2023
Frannie Zwicker,fzwicker6u@nationalgeographic.com,560-706-7623,Apt 197,62-148-4914,11/16/2022,5/3/2023
Sallee Teliga,steliga6v@mysql.com,688-577-1898,PO Box 9862,52-297-1493,6/4/2023,11/22/2022
Hetty MacNeely,hmacneely6w@nytimes.com,507-429-8704,Room 61,75-417-6687,12/20/2022,3/25/2023
Reinaldos Laughton,rlaughton6x@foxnews.com,419-616-1879,PO Box 97643,62-839-7850,5/15/2023,8/22/2023
Sigismundo Dockerty,sdockerty6y@noaa.gov,614-417-8559,Room 1817,09-675-2354,4/8/2023,11/5/2022
Bibbie Melluish,bmelluish6z@mapquest.com,254-504-5369,Room 1429,68-499-7929,12/10/2022,8/21/2023
Jamey MacLeod,jmacleod70@arizona.edu,550-362-2922,9th Floor,16-153-4994,9/28/2023,1/20/2023
Rhodie Harrigan,rharrigan71@amazon.de,205-283-4630,PO Box 63752,81-272-0368,1/24/2023,1/15/2023
Prescott Duran,pduran72@bluehost.com,347-320-7633,Room 993,26-423-2962,8/1/2023,11/27/2022
Beilul Kimbury,bkimbury73@ow.ly,131-937-2867,Apt 229,85-333-0540,11/7/2022,2/5/2023
Vikki Lambin,vlambin74@altervista.org,481-874-4239,PO Box 21779,82-513-7615,10/21/2023,3/11/2023
Heidie Dobkin,hdobkin75@samsung.com,216-313-5690,Suite 5,59-146-7382,8/14/2023,12/26/2022
Sarina Oakenford,soakenford76@washingtonpost.com,537-171-4015,Apt 986,90-422-0316,2/15/2023,12/25/2022
Allina Trevithick,atrevithick77@ucsd.edu,739-713-4082,3rd Floor,92-873-6848,8/27/2023,3/26/2023
Thurstan Sellor,tsellor78@webmd.com,798-727-7879,Suite 29,39-089-2008,7/3/2023,3/11/2023
Celie Cleatherow,ccleatherow79@jiathis.com,404-563-6588,Apt 1252,36-240-2458,4/5/2023,3/12/2023
Damien Ride,dride7a@chicagotribune.com,600-812-2320,PO Box 29118,98-364-9309,1/11/2023,12/1/2022
Claudianus Haibel,chaibel7b@ovh.net,355-627-9457,Apt 1853,59-976-5440,5/13/2023,9/29/2023
Gussi Antosch,gantosch7c@sciencedirect.com,496-617-1033,Suite 32,87-501-7294,8/24/2023,3/10/2023
Idalina Wallington,iwallington7d@miibeian.gov.cn,664-169-0562,10th Floor,85-958-8638,7/20/2023,2/19/2023
Alex Midner,amidner7e@123-reg.co.uk,452-391-8995,20th Floor,15-521-5508,9/27/2023,1/30/2023
Eleonore Martine,emartine7f@slate.com,758-622-9024,20th Floor,74-443-4507,9/5/2023,10/14/2023
Janella Cheevers,jcheevers7g@home.pl,627-662-0403,Apt 138,27-857-2001,4/2/2023,11/8/2022
Julian Rumbellow,jrumbellow7h@dmoz.org,893-573-9261,Room 827,18-400-3487,1/17/2023,12/16/2022
Cathee Bullivent,cbullivent7i@feedburner.com,757-268-7107,11th Floor,26-874-9891,5/20/2023,3/15/2023
Gerrilee Leate,gleate7j@jigsy.com,517-199-2208,Suite 64,47-560-5341,3/9/2023,6/10/2023
Tara Tanby,ttanby7k@samsung.com,500-374-8077,Room 1038,73-146-7171,11/5/2022,1/5/2023
Cos Rentoll,crentoll7l@wordpress.org,802-397-6612,Room 1138,76-900-7998,12/26/2022,7/17/2023
Armand Burnett,aburnett7m@homestead.com,787-608-5574,PO Box 16536,32-889-4995,8/4/2023,11/28/2022
Bartel Romao,bromao7n@geocities.com,981-468-8146,Room 1682,47-869-7396,5/15/2023,6/30/2023
Turner Hrishanok,thrishanok7o@sourceforge.net,540-707-8518,PO Box 55569,85-114-3015,2/6/2023,5/5/2023
Link Fuster,lfuster7p@sakura.ne.jp,317-152-5924,Room 481,65-165-8900,4/7/2023,10/4/2023
Riannon Hugle,rhugle7q@people.com.cn,999-649-2972,Suite 58,99-882-3315,6/13/2023,4/17/2023
Nathan Spencook,nspencook7r@ucoz.ru,931-335-4023,Apt 479,13-250-8588,5/27/2023,9/14/2023
Boyd Yea,byea7s@latimes.com,562-807-0434,6th Floor,10-637-9172,4/3/2023,2/19/2023
Chrissy Bedberry,cbedberry7t@geocities.com,195-141-6860,17th Floor,27-089-7534,12/1/2022,7/22/2023
Dre King,dking7u@skyrock.com,733-337-7783,Suite 22,74-072-1272,10/9/2023,11/23/2022
Nelle Meuse,nmeuse7v@tmall.com,996-361-5697,Room 313,14-357-0716,12/23/2022,4/30/2023
Des Ingleby,dingleby7w@chronoengine.com,133-807-7747,15th Floor,22-837-8574,5/26/2023,4/8/2023
Katharyn Blamires,kblamires7x@xing.com,900-833-1808,1st Floor,70-377-0397,9/27/2023,9/11/2023
Chantal Kinnett,ckinnett7y@ucsd.edu,251-194-4002,Suite 100,92-196-0899,1/30/2023,9/14/2023
Darelle Majury,dmajury7z@timesonline.co.uk,211-250-1631,PO Box 60817,96-707-9367,3/10/2023,4/24/2023
Lazaro McNuff,lmcnuff80@un.org,109-988-9304,Room 101,12-836-0457,3/22/2023,10/16/2023
Franklyn Gamett,fgamett81@archive.org,379-244-4668,Suite 86,07-538-3755,3/7/2023,10/31/2022
Jethro Kielty,jkielty82@diigo.com,172-985-7683,Apt 1916,46-434-1548,8/28/2023,5/1/2023
Caldwell Saterthwait,csaterthwait83@prlog.org,851-938-0102,PO Box 46357,07-621-0485,2/14/2023,8/15/2023
Haleigh Skarin,hskarin84@java.com,751-616-6553,Apt 1893,90-373-2775,8/2/2023,8/30/2023
Brady Stilling,bstilling85@foxnews.com,212-443-2455,PO Box 42554,87-214-2719,7/15/2023,12/15/2022
Annie Corgenvin,acorgenvin86@wordpress.com,376-573-3938,Room 1971,98-515-7588,3/17/2023,12/31/2022
Josselyn Flukes,jflukes87@theguardian.com,814-506-9746,Room 654,82-725-6139,12/25/2022,11/23/2022
Herb Di Ruggero,hdi88@cargocollective.com,122-445-6150,Apt 193,06-123-0549,12/30/2022,4/14/2023
Christye MacMenamin,cmacmenamin89@virginia.edu,473-865-4879,PO Box 70205,22-001-1310,12/7/2022,11/1/2022
Gerianne Ancliffe,gancliffe8a@wikia.com,938-371-2670,PO Box 27975,75-999-4726,1/1/2023,9/5/2023
Sarene Matashkin,smatashkin8b@narod.ru,868-254-1034,PO Box 49875,87-466-8351,5/27/2023,5/21/2023
Bradly Cluett,bcluett8c@redcross.org,139-987-8598,Room 1632,04-873-7743,9/23/2023,8/1/2023
Cybil Folan,cfolan8d@blinklist.com,750-744-0169,13th Floor,51-105-4903,9/7/2023,9/26/2023
Mitchael Kubica,mkubica8e@hugedomains.com,726-405-8089,Suite 5,49-683-5194,4/21/2023,2/14/2023
Danika Tayspell,dtayspell8f@ebay.co.uk,819-475-0666,6th Floor,33-722-1164,9/1/2023,8/28/2023
Orran Spinelli,ospinelli8g@nyu.edu,479-365-4208,5th Floor,68-080-7562,12/21/2022,2/9/2023
Johnathon Jarmaine,jjarmaine8h@networkadvertising.org,343-650-9882,Room 1757,09-511-4661,3/14/2023,8/19/2023
Benson Adshede,badshede8i@paypal.com,617-121-6601,PO Box 17016,39-346-3890,12/8/2022,12/18/2022
Henka Goldin,hgoldin8j@spiegel.de,973-122-9240,15th Floor,55-090-5653,6/22/2023,5/22/2023
Mab O'Gaven,mogaven8k@jimdo.com,483-939-4478,20th Floor,37-961-4722,9/1/2023,5/1/2023
Corbie Franklyn,cfranklyn8l@newyorker.com,315-709-7168,PO Box 95689,64-209-7178,8/14/2023,10/26/2023
Briggs Griswaite,bgriswaite8m@nature.com,401-191-2117,PO Box 36320,87-048-0775,7/5/2023,1/10/2023
Bili Rapp,brapp8n@utexas.edu,802-750-3796,PO Box 14877,06-482-4701,1/4/2023,12/19/2022
Antonio Birtwistle,abirtwistle8o@feedburner.com,953-171-2011,Apt 1766,27-434-7965,3/28/2023,12/12/2022
Pietra Kristiansen,pkristiansen8p@bigcartel.com,138-403-8566,Apt 406,71-072-3208,3/25/2023,10/6/2023
Tailor Simukov,tsimukov8q@wsj.com,792-778-9934,Room 670,30-762-0653,11/1/2022,12/1/2022
Avrit Fingleton,afingleton8r@acquirethisname.com,960-103-4809,3rd Floor,85-488-7396,8/8/2023,9/27/2023
Manon Grasha,mgrasha8s@ftc.gov,669-223-4031,Apt 209,11-999-8280,11/19/2022,4/5/2023
Izabel Sharville,isharville8t@bigcartel.com,546-416-3135,Apt 1695,81-467-0513,1/24/2023,12/14/2022
Norene Gaynor,ngaynor8u@globo.com,918-568-6963,PO Box 54915,73-449-2680,1/28/2023,7/6/2023
Marje Dell Casa,mdell8v@jigsy.com,195-554-4282,Suite 89,17-134-9653,1/24/2023,8/28/2023
Norris McAless,nmcaless8w@people.com.cn,361-598-0206,6th Floor,78-466-5657,11/22/2022,8/29/2023
Gerrie Stack,gstack8x@marriott.com,277-581-4818,Apt 1752,36-954-8803,12/24/2022,6/6/2023
Lucinda Urian,lurian8y@samsung.com,121-949-9131,Suite 58,01-396-6067,4/28/2023,11/29/2022
Yvon McGonigle,ymcgonigle8z@icq.com,904-333-9094,Suite 56,97-005-2448,11/4/2022,12/30/2022
Elfreda Brandone,ebrandone90@smugmug.com,587-346-2207,Apt 1462,45-984-8925,12/9/2022,3/12/2023
Loise Scibsey,lscibsey91@vimeo.com,229-898-0353,Apt 1791,76-464-8004,10/22/2023,7/17/2023
Diahann Warlock,dwarlock92@nyu.edu,794-533-4518,4th Floor,51-695-5835,7/21/2023,6/22/2023
Galina Ayars,gayars93@hc360.com,885-992-3924,Apt 1504,26-382-4584,6/14/2023,4/27/2023
Darrel Bodycote,dbodycote94@abc.net.au,633-105-0198,PO Box 43440,61-203-7914,11/24/2022,2/11/2023
Clarke D'Errico,cderrico95@twitpic.com,362-481-6141,Apt 1870,00-420-8221,8/20/2023,9/28/2023
Huey Whittington,hwhittington96@bluehost.com,777-732-0962,Room 721,29-742-2615,12/13/2022,9/3/2023
Jereme Tofano,jtofano97@ca.gov,811-961-4991,Suite 53,08-791-3717,9/12/2023,11/21/2022
Blythe Cossar,bcossar98@prnewswire.com,474-378-6043,Room 1895,66-454-1809,4/12/2023,8/24/2023
Cherie Kinvig,ckinvig99@photobucket.com,584-571-3660,Suite 16,00-434-1190,2/17/2023,9/3/2023
Lyda Clacey,lclacey9a@dell.com,995-330-8143,Suite 17,70-606-9693,6/7/2023,5/20/2023
Brunhilde Ottewell,bottewell9b@cmu.edu,785-342-3346,Room 397,65-512-4176,9/6/2023,4/20/2023
Mathian Blomefield,mblomefield9c@newyorker.com,864-294-0456,Apt 1931,82-023-2993,5/13/2023,11/4/2022
Minda Candlin,mcandlin9d@statcounter.com,363-928-7725,Room 1151,77-544-9252,4/9/2023,9/7/2023
Kerby Waple,kwaple9e@blogspot.com,936-414-0511,Room 1036,40-747-3139,10/8/2023,9/12/2023
Britney Spirit,bspirit9f@twitpic.com,557-922-9087,Apt 420,26-875-3429,2/6/2023,2/4/2023
Cara Gervaise,cgervaise9g@furl.net,218-789-1193,5th Floor,00-222-4313,11/13/2022,9/7/2023
Kevan Subhan,ksubhan9h@etsy.com,914-457-6969,Apt 1480,15-778-1837,3/12/2023,6/15/2023
Tasia Kollaschek,tkollaschek9i@linkedin.com,462-589-3522,Room 1231,70-379-9266,5/10/2023,7/4/2023
Harriett Cubbini,hcubbini9j@ebay.co.uk,375-895-4157,Room 1848,49-883-1945,11/29/2022,4/15/2023
Giorgia Gutteridge,ggutteridge9k@prnewswire.com,985-478-8871,PO Box 2378,25-340-4609,4/20/2023,8/4/2023
Valry Swett,vswett9l@tinyurl.com,904-311-5431,PO Box 86806,43-786-9405,6/29/2023,6/17/2023
Simona Ducker,sducker9m@cargocollective.com,276-553-3725,Room 965,24-034-5239,9/25/2023,1/13/2023
Sissy Olivello,solivello9n@prlog.org,513-110-9734,Apt 42,41-347-2526,3/7/2023,5/25/2023
Marleah Jentet,mjentet9o@indiatimes.com,414-659-1488,Room 451,64-507-8503,10/29/2023,9/6/2023
Tynan Tew,ttew9p@apple.com,577-859-0852,PO Box 88964,82-537-1995,8/28/2023,7/14/2023
Marsh Bartomeu,mbartomeu9q@freewebs.com,248-479-4028,Apt 887,69-498-9040,7/19/2023,10/20/2023
Leelah Casotti,lcasotti9r@irs.gov,739-236-5134,Suite 53,81-302-3018,8/3/2023,7/2/2023
Liuka Blondin,lblondin9s@addthis.com,650-501-2698,Room 333,55-905-6857,2/12/2023,6/12/2023
Pearline Crumby,pcrumby9t@wsj.com,633-173-7958,PO Box 38188,54-179-0669,4/11/2023,11/12/2022
Annabella Greim,agreim9u@amazon.co.jp,681-934-8350,Room 1983,01-994-3440,6/25/2023,1/26/2023
Bren Goter,bgoter9v@earthlink.net,991-698-2998,Room 1520,66-371-1034,6/3/2023,11/24/2022
Ulises Stieger,ustieger9w@surveymonkey.com,796-800-7296,5th Floor,03-093-8002,4/6/2023,12/29/2022
Diannne Towe,dtowe9x@chron.com,230-261-9722,PO Box 49211,33-860-9323,4/7/2023,8/28/2023
Mariele Pigeram,mpigeram9y@latimes.com,837-748-8980,5th Floor,22-518-5788,5/18/2023,5/18/2023
Galina Carden,gcarden9z@youtu.be,261-370-6082,Apt 1663,65-887-6605,11/19/2022,3/20/2023
Wynny Kidd,wkidda0@state.gov,425-287-9850,Suite 67,19-946-2645,9/25/2023,11/26/2022
Wandie Goodered,wgoodereda1@phpbb.com,407-153-9447,Room 133,92-328-8453,11/6/2022,12/24/2022
Brier Lanyon,blanyona2@ft.com,301-376-2609,PO Box 14655,06-365-8927,12/21/2022,9/11/2023
Davy Fryatt,dfryatta3@wikimedia.org,934-687-5553,Suite 53,89-821-3208,10/6/2023,2/21/2023
Almire Spyer,aspyera4@nasa.gov,485-595-4859,12th Floor,31-301-1280,11/8/2022,7/27/2023
Kissee Tanner,ktannera5@hao123.com,115-575-4448,PO Box 85995,17-949-0987,7/28/2023,1/26/2023
Cilka Klement,cklementa6@berkeley.edu,924-729-5133,Apt 687,10-321-4258,12/13/2022,7/4/2023
Clyve Karlik,ckarlika7@mlb.com,428-225-5362,Suite 87,39-758-6960,7/14/2023,11/9/2022
Ariadne Blinde,ablindea8@wikimedia.org,500-837-0754,Apt 1246,18-124-6651,11/12/2022,11/21/2022
Viviyan Stellman,vstellmana9@quantcast.com,527-691-0137,PO Box 44467,84-122-1660,12/25/2022,9/7/2023
Chance Darkott,cdarkottaa@walmart.com,896-526-4584,PO Box 32369,27-878-8207,11/24/2022,11/22/2022
Xylia McWhannel,xmcwhannelab@qq.com,587-740-8672,Suite 17,56-926-1291,1/8/2023,6/17/2023
Jessica Wittleton,jwittletonac@edublogs.org,156-854-2938,Suite 21,76-918-9598,5/3/2023,4/4/2023
Stoddard Fowler,sfowlerad@diigo.com,766-564-4612,Suite 53,09-454-6128,7/22/2023,4/12/2023
Schuyler Formoy,sformoyae@mapquest.com,389-522-1545,PO Box 67139,92-427-2508,12/4/2022,6/20/2023
Nerissa Gemelli,ngemelliaf@marriott.com,952-773-4301,Apt 476,08-212-9055,11/8/2022,3/30/2023
Phyllida Moakes,pmoakesag@thetimes.co.uk,355-452-4038,3rd Floor,22-478-9366,1/9/2023,5/3/2023
Marijn Ravilious,mraviliousah@redcross.org,875-187-0132,Apt 1037,99-108-6704,12/15/2022,11/25/2022
Sallyann Danihelka,sdanihelkaai@mail.ru,967-977-2451,Room 1485,21-443-5354,10/16/2023,8/8/2023
Corabelle Botger,cbotgeraj@de.vu,790-703-2887,Apt 1254,40-721-8540,12/22/2022,8/1/2023
Meris Duthie,mduthieak@51.la,850-619-1008,Suite 64,45-177-8440,6/11/2023,10/11/2023
Sophey Sommerville,ssommervilleal@apple.com,946-821-3985,Apt 1976,97-046-9235,6/10/2023,12/30/2022
Annnora Binnion,abinnionam@sina.com.cn,946-524-9059,Suite 17,60-437-6615,1/22/2023,11/28/2022
Bobby Silverman,bsilvermanan@google.com.au,689-230-2334,Suite 17,12-156-8067,6/10/2023,2/7/2023
Doy Giovanazzi,dgiovanazziao@jugem.jp,810-517-2942,Apt 243,67-140-8575,12/8/2022,5/8/2023
Tatiana Donn,tdonnap@newsvine.com,707-336-5411,1st Floor,99-262-7445,3/23/2023,5/29/2023
Philippa Sexton,psextonaq@purevolume.com,171-103-8718,20th Floor,51-211-2167,10/6/2023,8/16/2023
Jeniffer Orrock,jorrockar@abc.net.au,823-156-2929,20th Floor,04-488-8969,2/16/2023,5/21/2023
Bette-ann German,bgermanas@umn.edu,759-676-4321,PO Box 89915,55-229-6484,9/23/2023,2/21/2023
Beatrix Rawkesby,brawkesbyat@yahoo.com,745-441-1760,PO Box 48651,90-678-1641,12/14/2022,11/12/2022
Alwyn Miskin,amiskinau@about.com,170-610-9050,Suite 15,98-277-5314,9/2/2023,6/28/2023
Darrelle Chaikovski,dchaikovskiav@omniture.com,920-135-6693,Room 217,18-429-7215,1/7/2023,11/24/2022
Arlen MacGiffin,amacgiffinaw@networkadvertising.org,904-548-3614,Suite 68,41-905-5788,12/9/2022,1/28/2023
Fax Heckle,fheckleax@unblog.fr,388-909-2578,Apt 734,24-640-4410,5/14/2023,10/11/2023
Ariana Kennon,akennonay@sciencedirect.com,247-316-9214,Apt 1670,85-686-0812,8/10/2023,11/14/2022
Sidonia Gostage,sgostageaz@bizjournals.com,787-524-9069,PO Box 29647,85-436-7765,7/11/2023,10/15/2023
Natal Gorey,ngoreyb0@i2i.jp,291-655-5415,Suite 30,80-377-4760,3/20/2023,12/9/2022
Marthena Youell,myouellb1@etsy.com,108-283-4419,7th Floor,59-720-6449,9/16/2023,8/26/2023
Stanwood Millwater,smillwaterb2@dropbox.com,928-701-0507,3rd Floor,36-192-5883,10/19/2023,2/15/2023
Blakelee Befroy,bbefroyb3@example.com,969-956-7870,Suite 74,24-925-1110,7/15/2023,7/28/2023
Wendall Vinick,wvinickb4@biglobe.ne.jp,739-509-5537,Room 991,63-977-6182,5/4/2023,7/19/2023
Helaine Yakov,hyakovb5@skype.com,782-291-5415,Suite 72,48-571-7168,10/12/2023,9/20/2023
Tally Germaine,tgermaineb6@nasa.gov,280-503-5631,Room 1906,68-601-0684,12/16/2022,4/19/2023
Huberto Stockney,hstockneyb7@elpais.com,826-861-0586,Room 1825,57-943-6992,10/2/2023,10/15/2023
Nanni Rillstone,nrillstoneb8@auda.org.au,511-258-5165,PO Box 89656,50-112-1886,9/11/2023,7/18/2023
Sande Quantrill,squantrillb9@si.edu,998-298-4331,Room 949,03-581-6304,4/25/2023,6/12/2023
Josias Sommerling,jsommerlingba@unesco.org,304-529-2995,PO Box 54831,91-149-1189,12/9/2022,7/26/2023
Kass Kiessel,kkiesselbb@businessweek.com,740-381-1835,6th Floor,63-343-3111,2/25/2023,9/10/2023
Wolfy Iannetti,wiannettibc@cam.ac.uk,762-901-9654,Suite 39,59-561-6470,3/7/2023,6/12/2023
Cathy Gatman,cgatmanbd@google.cn,325-971-9463,Room 315,87-310-8322,8/13/2023,7/18/2023
Alyce Garstan,agarstanbe@theguardian.com,979-604-0844,Room 120,39-723-4786,6/25/2023,12/29/2022
Kendal Woodcraft,kwoodcraftbf@whitehouse.gov,401-119-9050,Suite 24,28-674-2975,8/16/2023,2/4/2023
Blondell Steggals,bsteggalsbg@prlog.org,835-252-6042,8th Floor,76-418-8182,11/1/2022,10/13/2023
Brucie Liebrecht,bliebrechtbh@rambler.ru,216-716-3867,PO Box 27130,02-266-2530,5/22/2023,9/21/2023
Merry Cahn,mcahnbi@newyorker.com,478-789-2487,3rd Floor,93-599-2252,12/12/2022,9/27/2023
Andris Truelove,atruelovebj@posterous.com,799-465-2807,Room 1599,19-047-6523,9/12/2023,10/28/2023
Candice Beevis,cbeevisbk@mapy.cz,859-691-5231,Suite 64,67-670-8572,3/30/2023,8/7/2023
Othella Trelevan,otrelevanbl@topsy.com,700-126-2897,PO Box 31518,28-342-5593,8/27/2023,8/26/2023
Ginnifer Bryenton,gbryentonbm@fda.gov,164-225-3759,PO Box 10908,08-488-2382,12/31/2022,1/13/2023
Dov Battaille,dbattaillebn@cbc.ca,644-219-9623,16th Floor,26-752-9486,6/5/2023,12/4/2022
Blinni Labrum,blabrumbo@edublogs.org,339-713-0543,9th Floor,99-893-8462,4/15/2023,4/14/2023
Normand Bacher,nbacherbp@delicious.com,741-905-9391,Room 1173,79-072-7220,8/7/2023,5/27/2023
Addie Pues,apuesbq@t.co,681-424-9335,Apt 1503,15-649-6268,12/17/2022,10/9/2023
Karoly Sealey,ksealeybr@sun.com,271-754-1260,4th Floor,16-582-7720,5/20/2023,11/7/2022
Annie Weatherill,aweatherillbs@bloomberg.com,687-894-7029,Suite 34,24-385-4842,11/22/2022,6/26/2023
Toddy Crisall,tcrisallbt@drupal.org,929-660-8147,Room 1511,80-281-4988,11/9/2022,5/31/2023
Rufus Ipwell,ripwellbu@fotki.com,504-514-4580,Suite 26,48-854-3127,11/11/2022,6/7/2023
Robers Crigin,rcriginbv@ameblo.jp,580-237-4985,PO Box 46143,34-382-0129,10/27/2023,8/24/2023
Emmet Golde,egoldebw@salon.com,949-488-2459,Suite 31,10-563-2176,12/26/2022,3/4/2023
Sibyl Schenfisch,sschenfischbx@usda.gov,632-956-7379,Apt 1212,02-844-4873,8/12/2023,1/29/2023
Darsie Croad,dcroadby@slideshare.net,742-601-7319,5th Floor,36-131-8567,2/5/2023,7/23/2023
Hector Pawelek,hpawelekbz@youtu.be,901-130-7082,Suite 10,87-205-1984,1/23/2023,5/8/2023
Morgun Snook,msnookc0@youtu.be,228-561-7060,Room 116,65-868-4747,7/30/2023,1/13/2023
Gamaliel Wyldes,gwyldesc1@homestead.com,168-399-1667,Apt 929,46-292-3225,12/7/2022,3/11/2023
Melodie Aldgate,maldgatec2@irs.gov,533-899-5454,20th Floor,76-327-3560,1/22/2023,2/1/2023
Beulah Kernermann,bkernermannc3@shinystat.com,207-656-7781,PO Box 27839,15-648-7332,3/8/2023,12/30/2022
Mandy Gooderidge,mgooderidgec4@nps.gov,790-788-9550,Apt 1720,66-847-2799,4/5/2023,8/22/2023
Mattie Hedgeley,mhedgeleyc5@flickr.com,851-801-2363,Suite 22,90-310-2688,10/22/2023,5/15/2023
Benji Colbourne,bcolbournec6@imageshack.us,705-525-8845,Apt 1299,69-909-5700,8/15/2023,8/19/2023
Myrtia Schirach,mschirachc7@blinklist.com,139-318-5064,Room 176,39-103-4023,1/4/2023,3/16/2023
Celisse Webb,cwebbc8@imgur.com,249-258-9587,14th Floor,85-752-1320,6/10/2023,3/20/2023
Drake Skydall,dskydallc9@java.com,681-298-7527,Room 1762,51-887-1206,11/18/2022,1/25/2023
Vivi Lante,vlanteca@163.com,947-995-5550,Apt 1022,66-175-4559,3/3/2023,2/3/2023
Sinclare Raveau,sraveaucb@engadget.com,148-334-2261,6th Floor,41-574-1584,10/8/2023,5/1/2023
Oralie McAuliffe,omcauliffecc@discuz.net,625-363-6769,Apt 1873,09-470-7420,5/8/2023,5/9/2023
Desirae Perillio,dperilliocd@example.com,565-673-5639,PO Box 42077,59-902-2224,11/10/2022,3/3/2023
Isidore Tewnion,itewnionce@netvibes.com,173-200-1369,Room 818,35-740-1973,5/14/2023,4/5/2023
Jefferson Extill,jextillcf@blogtalkradio.com,229-259-2215,4th Floor,86-861-5922,6/25/2023,3/12/2023
Gibb Wyllcocks,gwyllcockscg@upenn.edu,255-409-9764,Suite 35,11-442-8716,9/12/2023,1/15/2023
Kellie Beauvais,kbeauvaisch@goo.ne.jp,764-664-2601,Suite 77,32-211-3683,3/12/2023,1/30/2023
Noam Kofax,nkofaxci@fema.gov,465-585-5347,Room 85,62-251-2971,2/10/2023,9/7/2023
Gerrard Soldan,gsoldancj@purevolume.com,968-530-5105,Room 1907,83-663-0935,9/24/2023,12/26/2022
Carolynn Figgures,cfigguresck@ucoz.ru,133-736-8948,Suite 66,95-036-6674,10/27/2023,11/13/2022
Jeff Hewes,jhewescl@dion.ne.jp,857-235-2272,PO Box 63874,96-341-2483,9/24/2023,11/19/2022
Devlen Foulks,dfoulkscm@google.com,411-123-3192,Suite 22,29-788-2682,2/1/2023,3/24/2023
Hillyer Raecroft,hraecroftcn@paypal.com,703-219-2306,Apt 869,24-790-5982,1/31/2023,11/2/2022
Aili Pountney,apountneyco@harvard.edu,311-532-4127,4th Floor,09-257-3866,7/20/2023,12/6/2022
Stirling Jecks,sjeckscp@friendfeed.com,921-521-1055,Suite 9,05-615-8044,12/18/2022,1/29/2023
Quintus Piperley,qpiperleycq@whitehouse.gov,645-236-0835,Suite 33,76-278-5579,9/25/2023,11/28/2022
Muhammad Commucci,mcommuccicr@fotki.com,795-226-4138,PO Box 43078,71-007-3148,9/2/2023,3/22/2023
Olivia Giannassi,ogiannassics@squarespace.com,960-899-3552,15th Floor,26-696-2982,8/15/2023,4/24/2023
Rakel Bandey,rbandeyct@digg.com,239-868-7464,Apt 807,40-119-2403,7/30/2023,9/11/2023
Guenevere Wrout,gwroutcu@ihg.com,401-252-9783,PO Box 93861,53-922-2015,5/29/2023,8/15/2023
Chuck Duthie,cduthiecv@ca.gov,514-981-9183,Room 757,72-100-4977,7/19/2023,11/18/2022
Cross Tolworthy,ctolworthycw@ucoz.com,854-256-3049,PO Box 56695,15-403-0197,6/19/2023,12/5/2022
Hortensia True,htruecx@nyu.edu,405-687-4957,Apt 1077,58-956-0969,8/20/2023,12/10/2022
Roze O'Skehan,roskehancy@google.es,353-436-7210,10th Floor,94-629-1175,2/19/2023,2/1/2023
Melantha Wilkenson,mwilkensoncz@yellowpages.com,403-604-2124,Room 1719,55-479-2875,7/28/2023,11/6/2022
Jacquie Jakolevitch,jjakolevitchd0@noaa.gov,133-500-1360,PO Box 83241,23-468-1292,3/20/2023,10/17/2023
Marsiella Farnfield,mfarnfieldd1@nifty.com,842-521-7348,Apt 885,72-834-8340,9/7/2023,3/18/2023
Oona Haborn,ohabornd2@mashable.com,952-485-0927,5th Floor,29-174-1050,5/9/2023,1/1/2023
Kelcy Gravenall,kgravenalld3@europa.eu,247-941-6848,Apt 1382,85-914-8719,11/16/2022,7/19/2023
Letisha Phipard-Shears,lphipardshearsd4@dailymail.co.uk,962-233-0205,Suite 1,67-721-5217,1/5/2023,8/19/2023
Maxie Ivic,mivicd5@delicious.com,896-881-5297,6th Floor,72-539-1356,8/14/2023,9/3/2023
Timofei Kiera,tkierad6@geocities.jp,410-636-1081,Suite 13,13-965-1135,1/16/2023,7/4/2023
Hercule Barthrop,hbarthropd7@elegantthemes.com,660-651-9153,PO Box 76186,37-771-7635,3/11/2023,9/30/2023
Yorgo Gumley,ygumleyd8@usnews.com,643-707-2997,Room 614,81-096-7593,6/20/2023,12/30/2022
Melisandra Grenkov,mgrenkovd9@acquirethisname.com,705-297-4913,Suite 2,64-419-3897,2/23/2023,4/6/2023
Mandy Canfield,mcanfieldda@soup.io,714-468-9914,Apt 742,56-711-6397,3/9/2023,6/3/2023
Eda Colkett,ecolkettdb@home.pl,198-223-0473,17th Floor,75-483-3887,3/21/2023,11/12/2022
Gay MacSharry,gmacsharrydc@usatoday.com,320-382-1091,19th Floor,24-782-6364,9/21/2023,1/18/2023
Foss Swetenham,fswetenhamdd@digg.com,189-228-5617,Suite 96,30-747-9450,8/5/2023,2/26/2023
Silvana Littrik,slittrikde@google.com.au,235-869-5333,PO Box 17990,44-377-6774,3/22/2023,7/4/2023
Dayle Hartshorn,dhartshorndf@slashdot.org,396-127-9726,PO Box 70297,59-972-0395,12/31/2022,8/19/2023
Barry McCritchie,bmccritchiedg@foxnews.com,772-518-0992,Room 133,95-658-4110,6/4/2023,6/14/2023
Frederic Scotchforth,fscotchforthdh@reference.com,909-240-1569,18th Floor,48-135-0980,10/28/2023,12/13/2022
Jorie Menpes,jmenpesdi@nationalgeographic.com,758-982-3946,PO Box 48590,93-728-7820,12/6/2022,1/31/2023
Bo Longbone,blongbonedj@blog.com,131-401-5291,17th Floor,33-727-3807,10/1/2023,10/19/2023
Trstram Davidowich,tdavidowichdk@wired.com,455-121-4777,Apt 319,02-758-2138,5/6/2023,11/26/2022
Milissent Membry,mmembrydl@domainmarket.com,203-804-5023,6th Floor,19-781-4465,10/13/2023,8/20/2023
Merrick Demchen,mdemchendm@usa.gov,199-219-1642,6th Floor,95-416-7019,11/19/2022,4/27/2023
Anne-corinne Elie,aeliedn@deliciousdays.com,477-361-5480,Room 1967,35-375-6490,4/26/2023,1/27/2023
Glenn Ianizzi,gianizzido@purevolume.com,143-527-8661,Room 410,34-607-5307,3/25/2023,2/2/2023
Silvana Tringham,stringhamdp@phoca.cz,524-559-4157,Apt 11,73-158-2973,4/25/2023,10/11/2023
Selie Gibbe,sgibbedq@mail.ru,211-410-1519,18th Floor,63-863-5695,9/1/2023,4/27/2023
Kass Willshere,kwillsheredr@discuz.net,501-409-3610,Suite 20,80-057-5776,5/2/2023,1/28/2023
Bartolomeo Greig,bgreigds@shareasale.com,543-373-0769,Suite 46,51-893-2661,11/23/2022,3/25/2023
Anna Touhig,atouhigdt@google.de,336-752-6591,PO Box 36028,60-109-2445,10/8/2023,3/6/2023
Randee Ullyatt,rullyattdu@sun.com,760-773-6249,PO Box 54698,88-799-6667,8/16/2023,4/2/2023
Salvatore Giovanetti,sgiovanettidv@bing.com,350-375-8750,Apt 22,04-036-0871,4/6/2023,5/23/2023
Wit Screwton,wscrewtondw@msu.edu,975-146-3354,15th Floor,82-078-2741,11/15/2022,4/12/2023
Jon Kleszinski,jkleszinskidx@google.ca,748-931-1837,1st Floor,02-499-2668,5/31/2023,10/11/2023
Bianca Lofts,bloftsdy@slate.com,332-165-1448,Suite 27,02-672-4102,7/21/2023,8/17/2023
Helena Kaaskooper,hkaaskooperdz@uol.com.br,232-689-4318,Suite 28,91-682-4307,4/28/2023,3/27/2023
Katerine Harrell,kharrelle0@com.com,638-723-4957,PO Box 20974,29-636-1244,11/15/2022,10/14/2023
Dode Laslett,dlaslette1@hhs.gov,636-387-6339,PO Box 39066,91-416-8105,9/5/2023,10/17/2023
Aloysia Harbage,aharbagee2@github.io,651-980-6220,16th Floor,89-116-5624,3/3/2023,4/12/2023
Mercedes Gillaspy,mgillaspye3@usda.gov,807-918-0847,11th Floor,64-870-8887,2/14/2023,7/8/2023
Zed Greenwood,zgreenwoode4@multiply.com,214-143-9462,PO Box 80987,00-532-7604,7/26/2023,12/1/2022
Mychal Beat,mbeate5@gmpg.org,109-337-7800,7th Floor,65-485-7183,7/31/2023,6/12/2023
Florenza Jalland,fjallande6@xrea.com,226-136-4731,Room 1022,22-772-8316,1/10/2023,9/16/2023
Doe Zoanetti,dzoanettie7@java.com,407-829-6353,Apt 228,86-807-8463,8/17/2023,8/20/2023
Cathy Leyban,cleybane8@is.gd,425-102-9933,Suite 19,04-906-8322,1/24/2023,7/5/2023
Ingaborg MacNulty,imacnultye9@myspace.com,852-350-9307,3rd Floor,07-111-0172,12/23/2022,10/21/2023
Reinald Furmagier,rfurmagierea@sakura.ne.jp,242-905-4778,Room 1387,57-596-6153,2/23/2023,10/16/2023
Mart Leipnik,mleipnikeb@ocn.ne.jp,824-188-0452,Apt 1137,96-403-3380,10/7/2023,12/8/2022
Jeralee Vigrass,jvigrassec@cnn.com,671-848-8195,Apt 1739,11-148-0688,4/13/2023,5/30/2023
Sibbie Laidler,slaidlered@tiny.cc,454-230-9207,11th Floor,21-404-8824,10/8/2023,4/9/2023
Casie Hadwick,chadwickee@twitpic.com,688-932-0267,Suite 81,62-419-9131,3/30/2023,11/19/2022
Bondie Guymer,bguymeref@comcast.net,425-873-1452,Suite 30,46-336-9138,3/29/2023,3/14/2023
Clay Nucciotti,cnucciottieg@amazon.co.uk,509-466-6564,Apt 696,65-179-4859,6/5/2023,11/5/2022
Moise Mussotti,mmussottieh@sphinn.com,703-639-5940,PO Box 75695,38-085-8653,7/7/2023,8/29/2023
Yolanda Deveraux,ydeverauxei@narod.ru,812-817-3835,Apt 215,75-752-3461,6/6/2023,12/24/2022
Madge Alu,maluej@skype.com,441-958-7225,Suite 20,43-393-1408,7/31/2023,12/8/2022
Gwyn Keyme,gkeymeek@163.com,283-500-6497,Room 1036,03-118-2233,10/17/2023,6/28/2023
Sunshine Balaison,sbalaisonel@slashdot.org,924-558-1192,9th Floor,58-013-8862,10/28/2023,7/15/2023
Law Brazenor,lbrazenorem@livejournal.com,692-922-9012,Suite 49,30-980-5798,3/13/2023,1/2/2023
Saloma Klewi,sklewien@unblog.fr,971-332-9419,PO Box 78245,09-028-8534,2/10/2023,3/14/2023
Agretha Worcs,aworcseo@google.it,614-817-0716,Room 1927,75-558-9137,4/29/2023,6/1/2023
Hermia Rooper,hrooperep@ucoz.com,253-415-4544,Apt 1928,88-962-1415,1/3/2023,3/10/2023
Tades Torfin,ttorfineq@eepurl.com,391-218-8493,PO Box 81950,78-262-6776,8/19/2023,2/17/2023
Kriste Freyne,kfreyneer@senate.gov,427-832-3486,11th Floor,48-696-0759,9/22/2023,3/8/2023
Letisha Beadle,lbeadlees@hc360.com,765-851-3635,Apt 761,06-247-9152,2/18/2023,10/28/2023
Lenee Pratton,lprattonet@mlb.com,201-675-5271,Room 227,10-530-0435,5/16/2023,3/5/2023
Darn Wegner,dwegnereu@fastcompany.com,483-102-3107,PO Box 64150,10-386-6552,2/20/2023,2/14/2023
Ashley Kummerlowe,akummerloweev@sun.com,930-513-0620,Suite 31,02-329-4615,4/19/2023,8/12/2023
Julieta Roze,jrozeew@etsy.com,871-830-6439,PO Box 28571,11-162-1732,4/5/2023,12/21/2022
Pattin Heliet,phelietex@xrea.com,271-973-6214,Room 1322,30-094-5019,5/16/2023,7/28/2023
Ede Tripean,etripeaney@vimeo.com,802-312-1841,Apt 324,83-001-4325,3/13/2023,12/12/2022
Bellina Frenzel;,bfrenzelez@wikipedia.org,518-572-7857,Apt 891,26-738-7196,3/10/2023,3/23/2023
Francesca Sharvell,fsharvellf0@tumblr.com,675-436-5335,Apt 703,74-073-4994,3/9/2023,3/11/2023
Norine Truder,ntruderf1@themeforest.net,452-458-8138,8th Floor,77-404-7628,6/13/2023,5/15/2023
Danette Arpino,darpinof2@youtu.be,841-679-2588,Room 796,95-986-7081,9/3/2023,5/18/2023
Lynn Fosdyke,lfosdykef3@ucsd.edu,126-999-5850,Apt 1710,27-892-5070,7/25/2023,6/10/2023
Reggie Fisby,rfisbyf4@nhs.uk,825-782-5970,20th Floor,68-077-6862,8/1/2023,12/19/2022
Gennifer Morrid,gmorridf5@icio.us,606-675-9353,Apt 364,87-409-8178,9/25/2023,2/16/2023
Bennie Tennant,btennantf6@wisc.edu,502-537-7724,Suite 29,75-329-7484,4/30/2023,3/15/2023
Reese Kirrage,rkirragef7@i2i.jp,816-709-9890,Apt 90,20-268-2656,7/20/2023,10/22/2023
Neron Kleinhaus,nkleinhausf8@soundcloud.com,586-311-3221,Suite 82,20-264-5087,1/18/2023,10/2/2023
Karole Trippick,ktrippickf9@freewebs.com,471-468-7512,Room 1961,92-588-9246,3/6/2023,5/10/2023
Chariot Brockelsby,cbrockelsbyfa@latimes.com,714-368-2529,Apt 1987,13-398-9166,5/19/2023,6/14/2023
De Woodcraft,dwoodcraftfb@soup.io,206-267-6165,18th Floor,77-472-0933,4/6/2023,5/14/2023
Jilleen Spottiswoode,jspottiswoodefc@ucsd.edu,699-657-8129,Room 196,89-867-1720,9/29/2023,6/1/2023
Chloette Behrendsen,cbehrendsenfd@4shared.com,733-819-8554,12th Floor,65-665-1857,6/14/2023,5/5/2023
Tiler Memmory,tmemmoryfe@flickr.com,962-608-3835,PO Box 72339,65-056-5331,4/28/2023,5/10/2023
Sidney Plows,splowsff@psu.edu,654-516-1311,Suite 18,26-409-2153,12/9/2022,5/28/2023
Sibeal Presley,spresleyfg@addtoany.com,316-169-0054,Apt 302,83-264-1853,9/1/2023,4/17/2023
Barbey Holdey,bholdeyfh@ebay.com,832-486-5750,Suite 47,72-683-1437,12/5/2022,5/13/2023
Standford Simakov,ssimakovfi@moonfruit.com,433-740-2025,Apt 882,88-576-1568,8/15/2023,4/28/2023
Lammond MacGuffie,lmacguffiefj@oakley.com,618-771-9377,Room 1687,46-265-1756,7/31/2023,3/20/2023
Darius Doohan,ddoohanfk@fotki.com,764-383-0475,Room 41,66-608-4549,6/14/2023,1/28/2023
Dreddy Hitter,dhitterfl@godaddy.com,732-945-0520,Suite 61,70-506-2629,9/10/2023,9/6/2023
Alessandro Ghion,aghionfm@addtoany.com,489-254-0259,Apt 1424,79-227-9090,12/12/2022,3/11/2023
Dode Popov,dpopovfn@nature.com,364-146-7389,Suite 10,30-400-9730,4/14/2023,1/30/2023
Maurizia Laffin,mlaffinfo@bigcartel.com,157-361-0069,PO Box 44085,30-152-7229,12/22/2022,12/15/2022
Alys Webborn,awebbornfp@alibaba.com,498-608-8174,Suite 17,86-609-0625,6/23/2023,6/17/2023
Joy Sells,jsellsfq@discuz.net,718-157-2859,10th Floor,14-932-2108,6/27/2023,2/6/2023
Mario Knoble,mknoblefr@mit.edu,925-140-1048,18th Floor,32-911-1002,7/23/2023,1/24/2023
Obediah Tytler,otytlerfs@usnews.com,842-701-0344,3rd Floor,30-771-2770,7/22/2023,12/26/2022
Kimmy Brazener,kbrazenerft@slashdot.org,301-431-5939,Apt 5,91-427-9628,11/8/2022,4/16/2023
Glennis Jardin,gjardinfu@weebly.com,429-790-5906,17th Floor,34-425-3820,12/20/2022,2/5/2023
Terencio Newiss,tnewissfv@ted.com,992-203-3772,Apt 1361,15-022-8635,9/21/2023,1/26/2023
Brittne Feldmus,bfeldmusfw@nbcnews.com,307-991-0255,Room 1174,36-705-0906,5/10/2023,9/6/2023
Rachel Farnie,rfarniefx@apple.com,671-499-9719,Apt 1867,09-144-6050,11/23/2022,2/17/2023
Tailor Parfitt,tparfittfy@bing.com,302-685-5320,Room 1416,31-133-7996,1/26/2023,11/22/2022
Godfree Peaurt,gpeaurtfz@skyrock.com,637-369-1691,10th Floor,56-735-7950,7/14/2023,11/7/2022
Margo Masding,mmasdingg0@t-online.de,571-342-6373,7th Floor,75-705-3690,9/22/2023,3/15/2023
Roanne Sayles,rsaylesg1@shinystat.com,815-383-8586,Room 47,31-105-4296,12/7/2022,4/12/2023
Bart Birth,bbirthg2@prweb.com,634-946-3033,Suite 44,95-922-1175,2/13/2023,5/18/2023
Ronald Maybury,rmayburyg3@wufoo.com,242-134-4568,Room 409,35-486-4196,11/18/2022,1/25/2023
Henka Brannon,hbrannong4@ca.gov,855-398-8971,Room 655,06-116-3484,8/29/2023,9/17/2023
Alanson Itzkowicz,aitzkowiczg5@biblegateway.com,564-861-2372,Apt 1484,57-492-4166,4/28/2023,12/1/2022
Zara Lowndes,zlowndesg6@constantcontact.com,699-724-4876,Suite 85,90-506-0885,8/30/2023,4/15/2023
Leda Bartolomivis,lbartolomivisg7@japanpost.jp,677-525-8374,Apt 1552,98-625-1696,5/26/2023,2/20/2023
Cesaro Eakeley,ceakeleyg8@bluehost.com,712-709-4583,6th Floor,10-976-7761,7/17/2023,10/17/2023
Benedetta Eyes,beyesg9@fc2.com,782-819-8849,PO Box 73644,51-267-0850,1/9/2023,7/22/2023
Lurette Laweles,llawelesga@yelp.com,940-522-3445,Room 906,50-696-3370,4/2/2023,3/13/2023
Dalis Clissell,dclissellgb@dagondesign.com,168-301-6098,Suite 26,86-077-1927,7/1/2023,12/27/2022
Thane Dearnaly,tdearnalygc@google.nl,619-137-6764,2nd Floor,02-400-4625,6/29/2023,1/30/2023
Viola Struther,vstruthergd@msn.com,353-340-0701,Apt 60,25-831-5198,9/30/2023,10/24/2023
Elyse Thomazin,ethomazinge@oakley.com,316-913-9513,PO Box 76851,35-480-1476,1/13/2023,2/1/2023
Rodolph Avramchik,ravramchikgf@rambler.ru,421-892-6883,Suite 17,57-392-6155,11/10/2022,6/15/2023
Dee Sumsion,dsumsiongg@seattletimes.com,322-348-3648,Room 1035,85-090-2176,5/9/2023,5/3/2023
Mabelle Motten,mmottengh@biglobe.ne.jp,479-447-6897,Suite 12,82-148-4002,6/29/2023,10/13/2023
Claudian Heigl,cheiglgi@unc.edu,770-733-6294,Apt 100,91-702-1850,11/28/2022,10/19/2023
Clarke Shedd,csheddgj@github.com,676-358-9960,Apt 1065,08-408-4347,6/30/2023,4/24/2023
Cornelius Weldrick,cweldrickgk@about.com,662-875-4667,Suite 77,51-273-8376,4/1/2023,1/30/2023
Urson Padberry,upadberrygl@posterous.com,773-760-9423,2nd Floor,58-559-6406,4/1/2023,6/2/2023
Darla Faull,dfaullgm@boston.com,472-740-5764,Suite 8,93-321-5018,7/24/2023,9/11/2023
Finn Bolton,fboltongn@homestead.com,704-524-9248,Room 258,59-384-0088,2/3/2023,7/29/2023
Darrick Harriss,dharrissgo@newyorker.com,186-851-4764,Room 506,77-883-9286,7/6/2023,2/16/2023
Cary Eddow,ceddowgp@hibu.com,493-416-3058,Suite 68,92-623-9127,10/4/2023,11/11/2022
Sadye Leaburn,sleaburngq@purevolume.com,669-197-5168,5th Floor,63-628-1732,10/20/2023,10/26/2023
Tanya Lamperti,tlampertigr@europa.eu,252-821-4975,PO Box 58885,26-013-7902,10/31/2022,7/24/2023
Dylan Al Hirsi,dalgs@twitpic.com,593-804-5017,Suite 82,33-625-2539,6/20/2023,4/22/2023
Issi Bryant,ibryantgt@irs.gov,408-472-0421,PO Box 17951,99-112-7398,9/1/2023,1/10/2023
Carlyn Grigorey,cgrigoreygu@state.tx.us,767-392-6251,PO Box 87279,79-904-1532,1/4/2023,3/4/2023
Rikki Mesant,rmesantgv@privacy.gov.au,451-240-8361,4th Floor,52-774-4710,9/27/2023,3/21/2023
Fedora Blasgen,fblasgengw@mysql.com,633-337-5752,Room 4,06-283-7847,10/20/2023,12/11/2022
Nicolina Chaffyn,nchaffyngx@tinypic.com,324-640-6131,Apt 8,32-590-9683,5/4/2023,11/10/2022
Chrissy Hinsche,chinschegy@newyorker.com,438-606-4112,7th Floor,00-891-6340,11/18/2022,4/29/2023
Heinrik Keveren,hkeverengz@squarespace.com,591-353-7399,Room 61,37-420-7575,2/6/2023,6/20/2023
Delano Britto,dbrittoh0@paypal.com,465-863-5033,Room 1411,35-645-8981,7/30/2023,5/28/2023
Abraham Dovidaitis,adovidaitish1@mayoclinic.com,682-729-6897,Apt 638,74-970-2537,9/8/2023,7/20/2023
Leilah Gloster,lglosterh2@ebay.co.uk,930-254-9510,18th Floor,29-853-5339,4/6/2023,4/26/2023
Carlen Seager,cseagerh3@about.me,781-362-6441,Suite 87,13-012-0707,3/30/2023,8/31/2023
Keeley Kleinbaum,kkleinbaumh4@seattletimes.com,932-782-2087,Apt 15,40-454-0299,4/14/2023,3/14/2023
Tybie Stouther,tstoutherh5@ycombinator.com,912-295-7453,Apt 875,61-998-0106,3/26/2023,2/13/2023
Goldy Abelwhite,gabelwhiteh6@qq.com,174-440-3070,Room 135,98-576-2226,4/8/2023,1/26/2023
Helena Vickarman,hvickarmanh7@about.me,686-902-1336,Suite 6,58-857-0124,4/10/2023,4/14/2023
Mathilda Pleasance,mpleasanceh8@tuttocitta.it,312-468-3112,Apt 784,80-866-8451,7/4/2023,11/17/2022
Parsifal Medhurst,pmedhursth9@ed.gov,362-552-7942,5th Floor,03-362-3413,7/23/2023,4/14/2023
Desiree Stackbridge,dstackbridgeha@blog.com,852-690-3305,Room 1741,94-709-8780,6/12/2023,3/14/2023
Farris Vidloc,fvidlochb@umn.edu,439-905-5152,Suite 45,42-867-8667,5/30/2023,7/11/2023
Lynelle Davidek,ldavidekhc@ebay.co.uk,750-918-9862,PO Box 65992,49-404-3185,2/2/2023,3/3/2023
Nissy Schukraft,nschukrafthd@webeden.co.uk,387-639-9676,PO Box 25545,94-495-9982,11/5/2022,11/30/2022
Rachel Loving,rlovinghe@whitehouse.gov,106-974-6258,PO Box 99113,68-388-7978,2/9/2023,9/18/2023
Anita Luckett,alucketthf@vimeo.com,317-595-8926,Room 393,15-974-3849,12/29/2022,4/18/2023
Karly Deville,kdevillehg@yahoo.com,280-873-5271,PO Box 88032,85-903-1705,4/14/2023,8/28/2023
Rhianon MacGinlay,rmacginlayhh@tripadvisor.com,564-459-3161,Suite 25,30-092-9874,6/12/2023,10/12/2023
Sharl Croney,scroneyhi@slate.com,986-790-3627,Room 1103,35-347-7453,7/15/2023,9/11/2023
Pincus Walewicz,pwalewiczhj@hostgator.com,308-469-2768,Room 832,56-199-0717,9/14/2023,8/27/2023
Gerladina Lukacs,glukacshk@google.com.br,617-579-4983,PO Box 1172,95-009-1632,12/28/2022,1/9/2023
Merline Lundbeck,mlundbeckhl@vinaora.com,808-950-3943,PO Box 47395,39-316-1215,2/26/2023,6/3/2023
Hashim Hebdon,hhebdonhm@bandcamp.com,655-951-3078,PO Box 811,95-753-7807,1/26/2023,11/15/2022
Caron Raeside,craesidehn@flickr.com,501-251-7056,15th Floor,98-422-3571,5/25/2023,4/19/2023
Allard Jansens,ajansensho@mozilla.com,142-909-9439,PO Box 77141,05-126-2292,2/20/2023,6/4/2023
Briney Radbone,bradbonehp@wikimedia.org,970-116-2930,PO Box 89444,13-226-7337,5/12/2023,8/14/2023
Yalonda Coltman,ycoltmanhq@is.gd,510-934-6465,PO Box 37725,55-298-5917,6/7/2023,3/7/2023
Gerri Bartolomieu,gbartolomieuhr@cmu.edu,834-304-4097,Room 925,86-465-8531,1/5/2023,7/23/2023
Packston Priter,ppriterhs@businessweek.com,964-205-3108,15th Floor,56-857-7949,9/29/2023,4/26/2023
Virgil Haselwood,vhaselwoodht@usda.gov,525-126-8438,4th Floor,05-977-4747,7/10/2023,4/26/2023
Letta Haselwood,lhaselwoodhu@mail.ru,303-577-8602,PO Box 18211,46-096-8723,1/26/2023,10/31/2022
Abbott Haythorn,ahaythornhv@google.com.hk,169-172-4797,Room 810,08-796-9552,3/22/2023,8/10/2023
Fulton Hammerton,fhammertonhw@about.com,436-987-6157,PO Box 48812,44-355-8658,8/16/2023,5/9/2023
Arne Bergeon,abergeonhx@ted.com,279-619-6928,11th Floor,40-184-9292,1/15/2023,11/15/2022
Fancy Janowski,fjanowskihy@nature.com,411-969-4706,Apt 1046,85-286-8533,2/22/2023,2/22/2023
Edan Lowers,elowershz@sun.com,590-873-7090,Room 1673,00-851-5768,6/15/2023,1/25/2023
Florence Collocott,fcollocotti0@nyu.edu,449-558-5825,Room 174,00-259-3795,3/22/2023,4/21/2023
Miranda Chess,mchessi1@reference.com,454-282-8706,PO Box 69655,25-946-9236,10/5/2023,5/13/2023
Aura Records,arecordsi2@cnbc.com,576-326-3854,Suite 38,36-033-7815,5/8/2023,11/1/2022
Irvin Edon,iedoni3@biglobe.ne.jp,611-436-7063,Room 759,56-543-6556,5/2/2023,5/3/2023
Marlie Eastham,measthami4@stumbleupon.com,998-393-9403,Suite 99,60-650-6393,10/6/2023,11/25/2022
Amberly Lorden,alordeni5@meetup.com,487-592-5782,PO Box 68749,35-205-5511,8/26/2023,1/2/2023
Nigel Beden,nbedeni6@mashable.com,161-942-2926,Room 1189,51-842-2200,8/1/2023,6/25/2023
Tiler Edwardson,tedwardsoni7@hatena.ne.jp,193-615-7360,4th Floor,81-096-4505,10/11/2023,11/10/2022
Stefan Hegg,sheggi8@samsung.com,530-482-8150,Apt 619,89-734-4040,11/18/2022,12/5/2022
Patrizio Lage,plagei9@youtube.com,626-816-0600,Room 549,38-189-4974,8/9/2023,8/21/2023
Linc Wildin,lwildinia@accuweather.com,456-922-1275,Room 1778,60-444-4599,2/27/2023,12/1/2022
Joby Estabrook,jestabrookib@scientificamerican.com,446-235-7419,Suite 59,52-915-3827,6/6/2023,4/14/2023
Darwin MacTerlagh,dmacterlaghic@mlb.com,132-820-2241,Room 229,98-146-0252,9/6/2023,12/7/2022
Wake Lowell,wlowellid@comsenz.com,711-882-4170,Suite 39,00-383-8778,3/4/2023,10/8/2023
Ashlen Durtnall,adurtnallie@psu.edu,513-899-2882,Room 225,87-820-0857,4/29/2023,11/20/2022
Pepita Gawke,pgawkeif@biblegateway.com,957-488-5491,Suite 3,57-592-1425,12/24/2022,9/3/2023
Miof mela Tague,mmelaig@fotki.com,727-914-1477,PO Box 65949,39-519-4041,8/7/2023,9/11/2023
Sibyl Ferre,sferreih@weebly.com,855-916-4134,Suite 75,23-600-1979,11/17/2022,6/19/2023
Julianna Hardisty,jhardistyii@google.com,502-687-1868,8th Floor,35-629-0343,5/10/2023,3/4/2023
Sheila-kathryn Plampin,splampinij@clickbank.net,849-770-0545,Apt 1625,72-603-6456,10/4/2023,4/22/2023
Rudolph Stork,rstorkik@archive.org,528-740-7540,Room 1714,95-879-2084,1/31/2023,6/2/2023
Artie Dufore,aduforeil@blog.com,760-191-5666,Apt 812,59-986-9436,9/23/2023,12/18/2022
Art Weild,aweildim@artisteer.com,528-665-5194,Suite 93,47-262-6083,1/20/2023,8/2/2023
Lorine Gilluley,lgilluleyin@infoseek.co.jp,629-586-0145,Apt 1438,60-357-8638,1/2/2023,5/11/2023
Quent Gun,qgunio@smugmug.com,441-895-0449,Suite 37,57-400-6626,2/14/2023,10/14/2023
Rozanna Headey,rheadeyip@dyndns.org,276-963-6166,Room 1283,36-568-1344,9/20/2023,5/22/2023
Gwendolen Rossbrook,grossbrookiq@vistaprint.com,471-829-2698,13th Floor,61-988-7037,6/7/2023,7/3/2023
Kristien Dowrey,kdowreyir@accuweather.com,487-481-3556,Room 1279,73-159-3929,9/20/2023,2/27/2023
Prinz Pendre,ppendreis@google.com.au,203-194-5588,Suite 21,67-804-7249,2/11/2023,12/27/2022
Ralf Worsfold,rworsfoldit@jugem.jp,168-695-4436,Suite 5,45-789-8431,10/6/2023,11/30/2022
Aube Wellwood,awellwoodiu@hubpages.com,461-372-7764,1st Floor,82-767-2119,3/17/2023,4/23/2023
Fanchon Wohler,fwohleriv@google.nl,636-896-5628,PO Box 90756,55-748-1332,8/2/2023,3/25/2023
Sherline Widdows,swiddowsiw@sbwire.com,913-477-2753,Apt 460,62-215-0224,10/10/2023,10/16/2023
Ximenes Galliver,xgalliverix@hp.com,859-538-6360,PO Box 32479,99-017-9047,1/9/2023,1/28/2023
Grete Shelsher,gshelsheriy@mac.com,823-306-2343,Suite 53,77-359-0133,5/1/2023,9/17/2023
Gustaf Woosnam,gwoosnamiz@tuttocitta.it,538-541-2717,PO Box 48057,59-839-5299,10/30/2023,4/9/2023
Annalise Flatte,aflattej0@exblog.jp,660-472-0464,PO Box 50837,30-388-4581,10/30/2023,7/1/2023
Adore Sayce,asaycej1@1688.com,770-635-6761,6th Floor,47-716-6203,10/19/2023,10/21/2023
Felicle Lalevee,flaleveej2@xrea.com,807-238-0396,Room 849,37-156-7967,10/3/2023,12/7/2022
Orrin Caldecutt,ocaldecuttj3@elpais.com,612-155-2033,6th Floor,95-882-1046,8/15/2023,5/29/2023
Brittne Edelmann,bedelmannj4@npr.org,183-763-9273,Room 701,53-924-5481,5/24/2023,8/4/2023
Marylynne Lambell,mlambellj5@ted.com,600-847-2540,Suite 62,29-458-2757,8/16/2023,2/14/2023
Teddie Louder,tlouderj6@sohu.com,921-167-5129,Apt 1410,99-694-0819,3/7/2023,6/2/2023
Garrott Givens,ggivensj7@hostgator.com,553-645-3189,8th Floor,78-544-8549,6/9/2023,3/10/2023
Marmaduke Stother,mstotherj8@desdev.cn,414-434-8026,4th Floor,86-252-3129,1/13/2023,12/24/2022
Sunny Oakey,soakeyj9@free.fr,397-206-1521,Room 40,10-865-8770,10/20/2023,7/17/2023
Lona Rubega,lrubegaja@toplist.cz,606-259-0462,10th Floor,91-988-4804,2/7/2023,1/17/2023
Alfy Ritchley,aritchleyjb@moonfruit.com,175-717-0012,PO Box 43349,07-861-9537,3/9/2023,5/29/2023
Mimi Carlet,mcarletjc@uol.com.br,689-526-7095,Room 1420,32-573-5374,8/20/2023,7/3/2023
Berta Burnall,bburnalljd@bbb.org,664-523-2390,14th Floor,23-357-1132,1/2/2023,7/2/2023
Kitty Stainsby,kstainsbyje@cam.ac.uk,427-277-1983,PO Box 29502,92-460-8315,10/7/2023,1/6/2023
Francyne Jerrems,fjerremsjf@google.it,666-412-2198,PO Box 45990,77-923-7092,3/17/2023,2/20/2023
Rose Streader,rstreaderjg@psu.edu,330-414-4785,2nd Floor,79-512-7044,1/5/2023,7/27/2023
Rici Gally,rgallyjh@ocn.ne.jp,716-360-6429,Room 1117,62-100-7600,5/29/2023,8/31/2023
Florrie Booton,fbootonji@archive.org,164-569-2258,PO Box 62758,41-582-6641,9/20/2023,7/26/2023
Lorrin Lowin,llowinjj@edublogs.org,341-277-7947,Apt 1543,66-021-0826,7/24/2023,3/21/2023
Skelly Benne,sbennejk@goo.gl,806-274-4624,PO Box 46392,17-495-5217,12/3/2022,8/27/2023
Allyson Gunney,agunneyjl@youtu.be,878-695-5604,11th Floor,77-387-0767,11/10/2022,5/22/2023
Dorise Dasent,ddasentjm@hp.com,333-630-7500,Apt 1161,29-560-6002,8/26/2023,12/15/2022
Gaby Grestie,ggrestiejn@freewebs.com,686-839-5558,Apt 1171,60-380-6014,1/18/2023,6/5/2023
Cloe Meakin,cmeakinjo@sakura.ne.jp,358-396-7925,PO Box 27934,82-077-0579,3/18/2023,11/19/2022
Donella Malshinger,dmalshingerjp@howstuffworks.com,555-505-0682,PO Box 59636,42-273-7634,6/26/2023,9/27/2023
Trista Paddy,tpaddyjq@google.com.br,381-625-3369,PO Box 90327,83-943-1504,10/9/2023,12/14/2022
Alexia Prentice,aprenticejr@oakley.com,702-856-6648,Apt 1589,98-661-9936,5/3/2023,6/11/2023
Ryley Bexon,rbexonjs@ucla.edu,264-308-1577,Suite 64,27-892-1412,10/24/2023,3/30/2023
Constanta Aizikovitz,caizikovitzjt@mashable.com,275-491-6944,12th Floor,23-067-6469,12/29/2022,4/1/2023
Berny Thrasher,bthrasherju@imgur.com,582-727-4504,Suite 76,13-908-4690,2/13/2023,3/13/2023
Elwira Nealand,enealandjv@360.cn,954-196-9176,Suite 85,95-619-3809,2/12/2023,5/29/2023
Florida Petrou,fpetroujw@domainmarket.com,206-494-9178,7th Floor,90-126-3915,12/27/2022,3/6/2023
Vivie Angelini,vangelinijx@whitehouse.gov,401-401-1362,14th Floor,34-574-5609,11/14/2022,11/21/2022
Stinky Roskilly,sroskillyjy@jugem.jp,979-811-4807,14th Floor,77-644-2183,12/16/2022,4/24/2023
Ari Casado,acasadojz@techcrunch.com,994-586-4525,Room 1673,39-858-6061,3/20/2023,1/30/2023
Emmalynn Lohde,elohdek0@hexun.com,689-543-1807,7th Floor,84-281-7251,1/8/2023,7/14/2023
Jaymie Romney,jromneyk1@histats.com,162-581-5362,6th Floor,46-263-7938,4/11/2023,12/27/2022
Marjorie Graal,mgraalk2@nhs.uk,410-536-5853,Room 194,39-551-0628,11/26/2022,2/20/2023
Helene Slatford,hslatfordk3@google.ru,532-545-9921,Apt 1477,17-489-6656,7/10/2023,12/17/2022
Karna Gent,kgentk4@moonfruit.com,393-738-5211,Suite 57,49-863-8450,7/16/2023,7/8/2023
Lionel Gilburt,lgilburtk5@google.it,790-941-5814,Suite 98,66-555-8049,11/5/2022,10/24/2023
Jeddy Gosneye,jgosneyek6@gmpg.org,706-864-7963,PO Box 42224,54-477-6332,12/18/2022,7/13/2023
Dag Dicker,ddickerk7@indiatimes.com,358-538-2730,Room 1414,86-783-6955,12/12/2022,12/20/2022
Margret Fishley,mfishleyk8@t-online.de,814-803-7494,Suite 32,29-124-9044,1/22/2023,9/23/2023
Jacenta Aires,jairesk9@wix.com,591-940-5252,Room 229,90-597-5949,11/10/2022,1/31/2023
Smith Schimoni,sschimonika@google.de,826-998-2843,Apt 1872,44-789-3041,7/21/2023,12/17/2022
Evvy Cogger,ecoggerkb@over-blog.com,576-742-7990,Room 750,27-259-9286,12/19/2022,9/11/2023
Annetta Rosenfeld,arosenfeldkc@nps.gov,814-959-5047,Apt 782,18-031-8558,12/1/2022,10/16/2023
Allys Robillard,arobillardkd@house.gov,729-115-3470,Room 751,26-716-8942,2/15/2023,8/1/2023
Dorrie Dowsey,ddowseyke@dmoz.org,520-283-2260,Room 189,66-756-2005,12/25/2022,2/15/2023
Dorene Derle,dderlekf@hexun.com,731-573-4039,PO Box 65398,44-234-3462,11/26/2022,10/2/2023
Eleonore Rutley,erutleykg@gnu.org,155-764-6538,Suite 16,97-447-0037,10/15/2023,3/8/2023
Livvy Lockwood,llockwoodkh@sphinn.com,702-810-7959,Suite 90,97-407-8714,4/3/2023,6/23/2023
Nicolea Del Checolo,ndelki@statcounter.com,526-420-6827,4th Floor,23-251-0145,8/2/2023,12/6/2022
Goldie Jako,gjakokj@webeden.co.uk,418-602-6126,Room 179,54-567-7825,5/20/2023,6/12/2023
Gil Bampton,gbamptonkk@ow.ly,190-607-9573,Suite 33,53-598-8336,9/2/2023,1/22/2023
Pattie Vasler,pvaslerkl@google.com,223-131-9442,8th Floor,98-858-4117,1/13/2023,10/17/2023
Sher Worssam,sworssamkm@sitemeter.com,588-330-1674,4th Floor,57-407-8174,8/5/2023,9/30/2023
Marmaduke Mallabone,mmallabonekn@hugedomains.com,784-691-7968,Room 1136,95-084-9336,8/15/2023,10/9/2023
Willette Conelly,wconellyko@photobucket.com,810-224-3663,PO Box 73740,55-713-3919,10/13/2023,3/31/2023
Travers Vittore,tvittorekp@ning.com,739-670-9472,PO Box 6762,52-253-5486,4/14/2023,1/21/2023
Halette Collington,hcollingtonkq@digg.com,827-828-5976,Apt 1411,32-456-7479,9/22/2023,12/2/2022
Waverly Gredden,wgreddenkr@spotify.com,450-430-3180,Apt 1623,08-042-3368,9/13/2023,4/29/2023
Benjamin Drakard,bdrakardks@woothemes.com,832-957-1567,PO Box 35300,02-072-4905,5/3/2023,7/24/2023
Kean Bridgwood,kbridgwoodkt@pen.io,845-876-6758,Room 623,44-360-3216,1/9/2023,12/30/2022
Hazlett Scraggs,hscraggsku@freewebs.com,741-372-2731,Apt 603,11-284-2234,11/29/2022,11/27/2022
Rock Egdell,regdellkv@google.fr,893-314-2242,Apt 1008,72-107-2028,12/12/2022,10/1/2023
Giffer Bernadot,gbernadotkw@geocities.com,653-978-9067,10th Floor,39-203-2162,1/29/2023,1/11/2023
Lorelei Cuel,lcuelkx@so-net.ne.jp,797-317-4546,PO Box 35797,94-068-7969,11/5/2022,10/3/2023
Ramona Ladyman,rladymanky@toplist.cz,822-264-2319,Apt 1348,98-786-3614,10/20/2023,3/23/2023
Nikita Scimone,nscimonekz@feedburner.com,225-981-1856,PO Box 83715,14-459-5116,4/1/2023,12/20/2022
Katharyn Sicily,ksicilyl0@google.cn,593-428-8349,PO Box 29841,63-757-5868,1/17/2023,12/6/2022
Jere Darey,jdareyl1@sogou.com,724-733-3971,PO Box 37107,52-835-9590,12/18/2022,2/27/2023
Thia Danielski,tdanielskil2@i2i.jp,522-613-0981,PO Box 7973,43-632-9066,7/6/2023,4/27/2023
Artus Woolager,awoolagerl3@spiegel.de,249-505-4835,14th Floor,05-207-7755,8/4/2023,10/3/2023
Renae Southerns,rsouthernsl4@icq.com,985-852-9681,PO Box 48463,23-751-6609,1/27/2023,11/19/2022
Janine Wong,jwongl5@blogs.com,316-456-4366,PO Box 58883,75-650-0260,3/14/2023,12/28/2022
Zonda Blair,zblairl6@harvard.edu,542-972-8900,8th Floor,63-284-6554,4/24/2023,10/10/2023
Brittan Bremner,bbremnerl7@psu.edu,400-468-0481,Room 1023,31-241-1171,3/22/2023,12/28/2022
Tiphany Winslet,twinsletl8@intel.com,394-500-8614,12th Floor,79-221-4166,9/17/2023,2/9/2023
Amandy Josebury,ajoseburyl9@lycos.com,622-217-1693,14th Floor,94-329-0825,5/3/2023,1/21/2023
Burnaby Fray,bfrayla@imdb.com,789-241-2769,Suite 38,25-909-6592,4/1/2023,12/23/2022
Carlota Hayhurst,chayhurstlb@amazon.com,954-959-0005,Room 1141,95-963-6887,9/12/2023,4/30/2023
Salim Ingley,singleylc@dion.ne.jp,249-164-6238,PO Box 39344,47-538-9935,7/16/2023,7/6/2023
Killy Teliga,kteligald@google.nl,519-671-0273,PO Box 71339,47-711-8296,5/28/2023,11/17/2022
Luz Sturror,lsturrorle@vinaora.com,187-240-4800,Room 1944,89-019-9644,1/10/2023,5/23/2023
Weston Aupol,waupollf@ning.com,944-248-9437,PO Box 76090,55-920-2880,7/11/2023,3/20/2023
Guthry Feldmesser,gfeldmesserlg@altervista.org,914-252-3929,Suite 79,75-472-2583,8/30/2023,7/9/2023
Ellette Riall,erialllh@symantec.com,735-647-9417,PO Box 61845,38-682-3492,12/11/2022,5/23/2023
Liva Livingstone,llivingstoneli@wikipedia.org,910-831-4311,Room 1768,38-842-0740,7/3/2023,6/8/2023
Thibaut Sorrill,tsorrilllj@g.co,207-170-2121,Apt 872,82-829-2994,9/5/2023,5/9/2023
Gibby Kinavan,gkinavanlk@newyorker.com,847-334-8656,11th Floor,57-250-7967,2/19/2023,9/5/2023
Riobard Ormes,rormesll@narod.ru,187-663-5171,Room 1768,89-808-9422,9/11/2023,10/1/2023
Kris Cumbridge,kcumbridgelm@netvibes.com,369-287-2996,Apt 79,03-602-0519,5/7/2023,3/13/2023
Glenda Twyford,gtwyfordln@angelfire.com,158-348-1235,PO Box 9603,65-139-7810,11/23/2022,8/19/2023
Marie-ann Klus,mkluslo@dropbox.com,355-910-3532,10th Floor,14-560-5751,1/15/2023,8/29/2023
Gavin Coverdale,gcoverdalelp@globo.com,800-806-9838,Apt 1335,87-227-2656,11/14/2022,10/11/2023
Jobie Clowley,jclowleylq@macromedia.com,643-312-3331,Room 205,90-821-5619,1/25/2023,5/22/2023
Nora Sante,nsantelr@youtu.be,592-100-4724,Room 1,02-766-0687,10/11/2023,7/31/2023
Taddeusz Ipgrave,tipgravels@people.com.cn,906-827-8944,Suite 49,00-796-2333,4/25/2023,9/12/2023
Deena William,dwilliamlt@gravatar.com,474-733-9351,Apt 1890,04-170-8801,1/15/2023,3/19/2023
Hephzibah Presshaugh,hpresshaughlu@pen.io,658-220-0270,Apt 1940,50-741-9565,3/8/2023,3/17/2023
Sella Haverson,shaversonlv@flickr.com,355-463-5743,Room 1453,26-749-3608,11/5/2022,11/17/2022
Terence Barme,tbarmelw@fastcompany.com,691-466-5305,Apt 778,62-802-2538,7/20/2023,4/26/2023
Martelle Wasbey,mwasbeylx@ezinearticles.com,914-472-2683,Room 993,52-989-3592,12/28/2022,6/25/2023
Karissa Ryles,krylesly@guardian.co.uk,918-406-7169,Apt 276,57-830-8749,1/23/2023,7/29/2023
Duke Monshall,dmonshalllz@indiatimes.com,591-253-7362,PO Box 29207,88-440-7904,4/17/2023,12/17/2022
Agnola Hay,ahaym0@is.gd,990-751-9939,Suite 20,48-427-3976,8/8/2023,4/6/2023
Sharline Wearing,swearingm1@dedecms.com,422-758-6126,PO Box 77971,98-139-3445,5/3/2023,10/28/2023
Arielle Partridge,apartridgem2@a8.net,346-322-4903,PO Box 43839,64-513-9813,1/9/2023,7/30/2023
Lindi Svanini,lsvaninim3@buzzfeed.com,784-645-2938,Room 1813,30-260-7431,11/4/2022,2/15/2023
Nikaniki Penn,npennm4@ca.gov,982-442-9558,Apt 1623,59-239-6439,6/22/2023,6/23/2023
Field Lathee,flatheem5@fotki.com,448-101-8312,PO Box 7398,77-615-6039,1/12/2023,11/14/2022
Shara Claxson,sclaxsonm6@engadget.com,983-197-5029,Suite 27,16-311-1942,10/19/2023,10/28/2023
Marysa Chafney,mchafneym7@rediff.com,813-440-7766,17th Floor,82-280-2313,6/5/2023,1/12/2023
Euphemia Bletcher,ebletcherm8@123-reg.co.uk,314-457-1696,Room 1533,80-225-4519,8/20/2023,1/18/2023
Templeton Allchorn,tallchornm9@google.com.hk,915-978-0835,1st Floor,48-628-6392,12/30/2022,10/16/2023
Shirlene Getcliffe,sgetcliffema@icq.com,855-788-6699,11th Floor,55-702-2548,6/14/2023,2/9/2023
Anitra Nann,anannmb@elpais.com,788-673-9555,Apt 531,43-205-5749,6/27/2023,8/7/2023
Orville Sunman,osunmanmc@moonfruit.com,452-841-0760,Suite 54,74-491-1489,7/4/2023,6/29/2023
Bebe Spurryer,bspurryermd@arstechnica.com,479-855-4502,Suite 75,79-717-2943,3/25/2023,6/4/2023
Jaclyn Emeney,jemeneyme@delicious.com,445-471-4112,PO Box 67370,81-660-6442,12/5/2022,9/9/2023
Raquel Surgener,rsurgenermf@t-online.de,460-693-5935,Suite 75,35-709-6841,10/22/2023,10/19/2023
Hilliard Sherrin,hsherrinmg@ted.com,828-339-0486,16th Floor,26-976-5914,11/8/2022,3/22/2023
Laural Sugars,lsugarsmh@vinaora.com,169-967-2559,2nd Floor,39-219-8300,3/9/2023,10/21/2023
Patin Shafe,pshafemi@noaa.gov,448-612-3404,Suite 40,78-768-4074,6/8/2023,1/8/2023
Der Moorman,dmoormanmj@unicef.org,990-412-5830,Apt 1370,64-633-1711,9/30/2023,3/9/2023
Alessandro Lages,alagesmk@skyrock.com,101-332-6072,PO Box 74123,70-665-2548,3/31/2023,12/23/2022
Johny Huckett,jhuckettml@xrea.com,816-808-3052,PO Box 42722,81-517-6592,4/27/2023,10/14/2023
Ethyl Breede,ebreedemm@typepad.com,855-522-4952,Apt 1873,69-693-9600,5/2/2023,12/23/2022
Gerianna Shrubsall,gshrubsallmn@google.cn,147-848-7755,Suite 69,12-527-2655,3/12/2023,7/31/2023
Barbra Fealy,bfealymo@t-online.de,532-165-9650,Suite 33,47-254-3554,11/29/2022,12/10/2022
Brade Fairy,bfairymp@oaic.gov.au,580-212-7431,PO Box 50794,44-582-1260,8/14/2023,9/16/2023
Hastings Girkins,hgirkinsmq@dmoz.org,997-483-2147,Room 812,60-785-3709,8/4/2023,3/23/2023
Gavrielle Leggs,gleggsmr@usa.gov,433-743-8479,Room 1978,71-675-6539,1/29/2023,3/12/2023
Elianore Knowler,eknowlerms@upenn.edu,135-286-4019,Room 1170,21-319-3836,11/5/2022,2/15/2023
Christoffer Pettersen,cpettersenmt@sohu.com,721-212-0046,Room 1253,15-264-5998,2/1/2023,12/8/2022
Keenan Squibbs,ksquibbsmu@shutterfly.com,808-883-2510,9th Floor,93-671-9781,7/31/2023,6/11/2023
Swen Elcy,selcymv@washingtonpost.com,497-874-3846,6th Floor,40-134-2413,3/29/2023,11/22/2022
Analiese Moore,amooremw@tinypic.com,215-746-0323,Room 632,10-565-6693,5/16/2023,3/18/2023
Harrison Antoniou,hantonioumx@reddit.com,463-126-3458,Room 877,44-122-6575,7/25/2023,11/9/2022
Margret Gedling,mgedlingmy@thetimes.co.uk,726-133-2033,PO Box 65097,76-697-8531,10/7/2023,5/21/2023
Kissiah Mirfield,kmirfieldmz@myspace.com,621-538-3701,PO Box 65358,80-828-8690,11/9/2022,12/25/2022
Nealson Benns,nbennsn0@surveymonkey.com,613-525-1082,Suite 90,89-329-8124,3/23/2023,10/3/2023
Maxi Falconbridge,mfalconbridgen1@amazon.co.jp,750-730-5514,Apt 670,13-657-1571,12/18/2022,3/27/2023
Jobie Seldon,jseldonn2@cafepress.com,565-302-5227,Apt 1522,67-570-2373,3/25/2023,9/26/2023
Harriot Bockett,hbockettn3@stumbleupon.com,499-227-8877,Apt 1047,84-575-2049,2/10/2023,11/27/2022
Tallie Flippini,tflippinin4@wikispaces.com,943-554-5538,Suite 80,67-817-7381,1/17/2023,4/19/2023
Dorree de Nore,dden5@blinklist.com,488-451-7169,Apt 352,82-858-8444,5/14/2023,8/7/2023
Bowie Ghione,bghionen6@pbs.org,410-508-9261,Apt 799,93-040-3071,7/2/2023,5/1/2023
Drew Slaght,dslaghtn7@clickbank.net,633-812-9794,Apt 886,56-675-4020,3/5/2023,2/6/2023
Lorin Dudderidge,ldudderidgen8@admin.ch,765-307-8327,15th Floor,39-668-0653,1/23/2023,6/24/2023
Olivero Bichener,obichenern9@yellowpages.com,525-773-7782,Suite 65,62-204-5143,3/27/2023,9/14/2023
Muffin Ibbeson,mibbesonna@infoseek.co.jp,649-872-7722,Suite 11,24-639-7360,2/24/2023,11/10/2022
Dahlia McCleverty,dmcclevertynb@themeforest.net,256-743-6727,1st Floor,24-656-5560,11/6/2022,4/2/2023
Whitaker Gianiello,wgianiellonc@mashable.com,462-815-2205,Suite 22,73-805-9509,4/3/2023,10/6/2023
Crin Spriggin,csprigginnd@cnet.com,115-222-6732,Suite 95,42-273-1131,3/20/2023,3/24/2023
Timmy Quick,tquickne@macromedia.com,599-974-8078,Room 1737,83-031-4894,11/7/2022,10/15/2023
Jeri Presho,jpreshonf@ameblo.jp,998-424-5178,PO Box 45126,17-733-8117,12/21/2022,5/5/2023
Lilly Parmby,lparmbyng@ftc.gov,728-970-5462,PO Box 10338,27-805-5531,11/3/2022,2/8/2023
Adrianna Pherps,apherpsnh@guardian.co.uk,917-327-5322,Apt 322,90-070-6807,11/3/2022,2/13/2023
Harley Ranaghan,hranaghanni@spiegel.de,204-404-2510,Apt 1013,16-462-0098,6/13/2023,5/17/2023
Waylen Breukelman,wbreukelmannj@youtu.be,235-299-8472,Suite 36,26-711-6952,9/20/2023,1/30/2023
Elvina Minty,emintynk@cornell.edu,703-551-3017,Suite 22,47-395-2861,8/18/2023,8/16/2023
Orbadiah Duckers,oduckersnl@redcross.org,190-636-3389,Suite 16,71-816-1203,1/21/2023,10/24/2023
Valeria Dawbery,vdawberynm@yolasite.com,270-486-6893,PO Box 22046,30-531-7764,2/13/2023,10/13/2023
Debor Bohan,dbohannn@indiatimes.com,492-313-7685,3rd Floor,83-465-2051,11/16/2022,6/11/2023
Berti Menego,bmenegono@guardian.co.uk,884-525-9813,3rd Floor,66-398-6927,12/24/2022,12/14/2022
Willdon Singh,wsinghnp@arizona.edu,831-540-7270,PO Box 76257,31-098-5848,1/31/2023,9/15/2023
Meredithe Priel,mprielnq@about.com,199-461-3030,2nd Floor,23-209-6454,2/14/2023,3/3/2023
Kirby Redfield,kredfieldnr@photobucket.com,450-480-0789,Room 3,42-565-7859,9/16/2023,1/7/2023
Cora Riddington,criddingtonns@yellowpages.com,669-410-9541,16th Floor,00-161-1507,5/6/2023,1/21/2023
Tobias Boggas,tboggasnt@de.vu,662-943-9028,PO Box 59191,24-976-7925,7/10/2023,6/16/2023
Filia Oneil,foneilnu@umn.edu,851-957-5683,Apt 621,72-137-3588,10/24/2023,9/29/2023
Saba Liptrod,sliptrodnv@nifty.com,754-246-6514,Apt 1280,63-734-3117,3/18/2023,6/9/2023
Waneta Pichan,wpichannw@usda.gov,603-778-7867,PO Box 10318,65-937-3223,11/12/2022,1/4/2023
Valenka Ashburne,vashburnenx@fastcompany.com,697-993-5747,PO Box 46319,65-684-8615,8/9/2023,8/26/2023
Kelci Di Franceshci,kdiny@xinhuanet.com,943-883-2519,12th Floor,49-313-2054,5/17/2023,5/18/2023
Missy Habbon,mhabbonnz@gmpg.org,182-809-0706,Apt 1969,13-414-6655,9/6/2023,9/28/2023
Fredericka Jindra,fjindrao0@acquirethisname.com,570-897-4728,15th Floor,66-582-1121,10/6/2023,12/28/2022
Nertie Kolyagin,nkolyagino1@github.com,128-529-3653,Suite 47,57-942-1404,7/23/2023,4/24/2023
Otto Rennels,orennelso2@hexun.com,358-394-7511,PO Box 51232,67-754-2319,12/30/2022,11/21/2022
Susana Dye,sdyeo3@imageshack.us,206-859-1621,6th Floor,80-602-3671,12/3/2022,4/19/2023
Donni Greed,dgreedo4@ycombinator.com,284-566-5561,PO Box 92285,92-786-2977,10/2/2023,5/30/2023
Donal Brumble,dbrumbleo5@ox.ac.uk,536-230-3425,PO Box 67548,91-792-8771,5/20/2023,9/16/2023
Sydelle Ferenczi,sferenczio6@cbsnews.com,503-564-2118,12th Floor,08-070-6500,12/5/2022,2/12/2023
Marc Demanche,mdemancheo7@imageshack.us,655-436-6345,Room 699,66-048-6608,3/22/2023,8/24/2023
Dall Hubbocks,dhubbockso8@aboutads.info,648-108-0844,Room 1996,47-762-7144,10/26/2023,7/17/2023
Rosanne Curd,rcurdo9@xing.com,984-398-9507,Apt 819,12-009-4946,12/17/2022,8/23/2023
Rosaline Borel,rboreloa@imgur.com,999-458-3933,Apt 122,74-585-5405,6/14/2023,8/6/2023
Jaquenette Frogley,jfrogleyob@mediafire.com,527-495-2380,18th Floor,06-772-6574,8/23/2023,12/26/2022
Bernard Watterson,bwattersonoc@shinystat.com,542-565-2166,Room 1254,16-471-6753,6/18/2023,12/8/2022
Dara Bugg,dbuggod@globo.com,597-276-9543,Apt 392,13-375-0242,5/31/2023,9/12/2023
Reggis Blumer,rblumeroe@miitbeian.gov.cn,220-252-4589,Room 55,23-620-5605,4/21/2023,5/26/2023
Beale Roscoe,broscoeof@quantcast.com,105-970-3386,PO Box 87162,05-479-7183,7/26/2023,10/5/2023
Hartwell Caron,hcaronog@360.cn,747-372-6274,Suite 70,60-840-8004,3/29/2023,1/23/2023
Minne McKay,mmckayoh@about.com,566-808-8534,Room 1773,23-063-6584,4/26/2023,11/27/2022
Faustina Mann,fmannoi@hao123.com,480-709-0283,Apt 460,74-798-9994,6/12/2023,6/26/2023
Carlita Mc Pake,cmcoj@pen.io,204-172-5433,Suite 21,25-287-5954,12/31/2022,10/30/2023
Nathanial Le Sieur,nleok@cyberchimps.com,567-674-1207,Apt 1316,05-678-5877,1/23/2023,7/2/2023
Gabey Laurence,glaurenceol@xinhuanet.com,640-249-3267,Apt 24,23-370-2639,6/16/2023,12/15/2022
Bradly Margett,bmargettom@dyndns.org,730-613-2822,Room 1434,74-587-8491,5/14/2023,3/31/2023
Haskell Esposi,hesposion@sciencedaily.com,365-262-2781,11th Floor,78-171-1457,1/13/2023,5/15/2023
Georgianna Giddins,ggiddinsoo@tmall.com,467-401-5156,15th Floor,00-167-5274,10/17/2023,3/27/2023
Nickolaus Reggio,nreggioop@twitter.com,892-802-7886,PO Box 1754,96-820-6543,4/7/2023,9/14/2023
Brent Scohier,bscohieroq@oaic.gov.au,325-489-2928,PO Box 73331,16-603-1954,4/14/2023,5/16/2023
Care Falkner,cfalkneror@desdev.cn,326-690-3085,Room 692,37-794-3077,3/6/2023,10/30/2023
Tonie Brickner,tbrickneros@typepad.com,903-115-1863,PO Box 87287,23-673-7709,4/6/2023,7/16/2023
Angeline Peealess,apeealessot@adobe.com,333-867-9119,Suite 47,33-018-2136,12/10/2022,1/8/2023
Kelvin Messum,kmessumou@digg.com,401-351-8068,17th Floor,37-721-2228,2/7/2023,7/22/2023
Lorine Smitheram,lsmitheramov@nature.com,639-665-0607,Room 1116,14-478-1084,1/21/2023,8/10/2023
Tiff Beincken,tbeinckenow@bravesites.com,357-349-1838,1st Floor,89-641-5645,3/21/2023,9/24/2023
Edmon Muehler,emuehlerox@clickbank.net,623-257-7111,PO Box 23851,00-701-4172,11/13/2022,10/6/2023
Forester Hinckley,fhinckleyoy@europa.eu,148-165-7612,10th Floor,83-237-7364,3/16/2023,12/17/2022
Jackelyn Masterson,jmastersonoz@php.net,556-995-0695,PO Box 65739,36-446-8606,11/10/2022,10/18/2023
Frannie Baskeyfield,fbaskeyfieldp0@yale.edu,197-340-6702,Suite 30,33-681-6240,6/28/2023,7/9/2023
Branden Eliasson,beliassonp1@tiny.cc,464-261-9208,PO Box 34550,18-327-2772,6/3/2023,8/31/2023
Egbert Herety,eheretyp2@qq.com,600-460-1525,Room 293,34-520-8026,2/23/2023,1/31/2023
Oliver McGray,omcgrayp3@howstuffworks.com,331-690-7990,Room 298,74-169-4441,10/10/2023,3/20/2023
Charil Boothebie,cboothebiep4@google.es,162-821-1670,Room 212,94-151-4871,2/14/2023,12/16/2022
Christi Statersfield,cstatersfieldp5@latimes.com,520-138-8790,Apt 1564,01-037-3805,6/25/2023,8/25/2023
Alic Hannon,ahannonp6@shinystat.com,350-586-1426,10th Floor,85-792-1774,10/13/2023,5/7/2023
Chantal Phillcock,cphillcockp7@deviantart.com,549-900-4125,Apt 287,12-809-6552,10/20/2023,5/12/2023
Kerrie Tydeman,ktydemanp8@w3.org,480-381-2015,Apt 1942,16-724-0119,1/1/2023,4/29/2023
Devi Custance,dcustancep9@princeton.edu,292-465-6662,Suite 88,23-930-8585,4/29/2023,1/5/2023
Dominica Lethieulier,dlethieulierpa@apple.com,482-697-8609,Room 1753,07-196-2138,12/26/2022,1/14/2023
Bay Bissell,bbissellpb@nih.gov,859-411-5055,Room 956,44-180-7400,10/1/2023,3/31/2023
Ortensia Izachik,oizachikpc@nih.gov,227-810-3886,Apt 1944,42-473-3989,7/7/2023,11/11/2022
Gerard Janouch,gjanouchpd@geocities.com,246-240-6956,Apt 703,25-475-8646,4/5/2023,5/4/2023
Stacia Feary,sfearype@java.com,198-802-6737,Apt 1678,35-665-8204,8/30/2023,4/12/2023
Joyous Fosse,jfossepf@samsung.com,228-333-0645,PO Box 12868,97-576-3522,12/22/2022,6/1/2023
Tommie Ballantine,tballantinepg@google.fr,865-954-5863,Room 1167,57-604-3381,2/18/2023,7/17/2023
Had Sigg,hsiggph@eventbrite.com,425-157-1385,Suite 64,13-394-3492,12/25/2022,1/12/2023
Ariel Ruberti,arubertipi@yandex.ru,602-220-1500,Apt 819,86-275-5177,8/10/2023,4/9/2023
Sibbie Noel,snoelpj@ow.ly,347-780-4380,Room 1102,40-121-0227,8/31/2023,10/12/2023
Corilla Ahrendsen,cahrendsenpk@nifty.com,536-743-7598,PO Box 9190,89-619-7664,4/19/2023,1/30/2023
Shelly Mulcaster,smulcasterpl@alexa.com,329-106-7006,PO Box 22555,59-039-8764,1/9/2023,5/1/2023
Dalton Mattosoff,dmattosoffpm@domainmarket.com,405-639-7004,Suite 28,75-737-5545,10/16/2023,6/2/2023
Timmy Geydon,tgeydonpn@macromedia.com,751-161-2765,1st Floor,12-275-8141,5/20/2023,2/22/2023
Kevyn Elves,kelvespo@symantec.com,277-124-2688,Apt 485,42-413-1515,3/31/2023,7/8/2023
Lizette Ransom,lransompp@nyu.edu,906-850-7192,Apt 1328,73-344-2301,7/15/2023,3/4/2023
Vanya Johann,vjohannpq@surveymonkey.com,287-362-5496,Suite 70,16-385-6212,5/31/2023,12/5/2022
Karlotta Dallaway,kdallawaypr@vk.com,454-625-2668,Room 389,21-029-5580,1/25/2023,4/17/2023
Jasmine Galego,jgalegops@theguardian.com,717-262-6412,Apt 904,76-590-6791,10/26/2023,10/10/2023
Quintana Mealand,qmealandpt@github.com,745-429-3680,Apt 1757,55-196-5329,2/23/2023,6/21/2023
Edgar Cumesky,ecumeskypu@tmall.com,264-347-2196,7th Floor,18-020-0232,12/31/2022,2/18/2023
Perice Garnett,pgarnettpv@cbslocal.com,156-645-5727,6th Floor,02-391-5428,3/22/2023,5/9/2023
Richie Tattersill,rtattersillpw@hp.com,724-729-6886,Suite 32,24-540-6970,11/12/2022,9/22/2023
Tanny Meecher,tmeecherpx@infoseek.co.jp,352-569-1679,18th Floor,80-583-2590,11/11/2022,4/20/2023
Neal Fuchs,nfuchspy@army.mil,344-964-4786,PO Box 22391,45-395-6387,8/1/2023,5/30/2023
Benoit Le Merchant,blepz@exblog.jp,411-808-5203,Room 648,89-036-0436,4/5/2023,2/23/2023
Curry Bezant,cbezantq0@vinaora.com,633-941-3486,Suite 77,77-700-8648,11/27/2022,3/16/2023
Gertie Deniseau,gdeniseauq1@feedburner.com,262-463-5508,18th Floor,87-166-1798,7/13/2023,5/2/2023
Julienne Gamblin,jgamblinq2@gov.uk,538-625-9004,PO Box 66277,74-278-7241,7/26/2023,12/27/2022
Charmine Brugman,cbrugmanq3@plala.or.jp,598-746-2376,Apt 610,72-506-9209,2/5/2023,12/14/2022
Shermy Gilling,sgillingq4@t-online.de,309-563-8864,Apt 1980,87-595-7285,2/13/2023,8/15/2023
Elliott Darleston,edarlestonq5@simplemachines.org,396-278-3307,11th Floor,06-674-0721,11/30/2022,6/19/2023
Cloe Toovey,ctooveyq6@ycombinator.com,511-762-0803,Room 829,00-327-5960,12/20/2022,9/24/2023
Ardisj Beecraft,abeecraftq7@ted.com,923-937-9455,Apt 184,15-131-1383,8/12/2023,8/31/2023
Laurella Malacrida,lmalacridaq8@huffingtonpost.com,245-989-7887,Room 1037,61-813-4038,6/9/2023,3/2/2023
Fraze Portchmouth,fportchmouthq9@cbsnews.com,452-555-5310,PO Box 88019,98-885-1738,12/17/2022,3/21/2023
Aeriell Phettiplace,aphettiplaceqa@mozilla.org,217-365-8724,Suite 99,48-545-6935,8/7/2023,4/4/2023
Prinz Nuschke,pnuschkeqb@youku.com,152-861-2776,12th Floor,92-879-5112,4/24/2023,6/9/2023
Bobbette Bannester,bbannesterqc@wordpress.org,424-310-4792,Apt 288,69-659-8523,8/9/2023,1/6/2023
Lemmie Annon,lannonqd@reuters.com,357-396-2553,PO Box 69069,16-289-8231,6/12/2023,7/31/2023
Theadora Prattin,tprattinqe@dell.com,428-894-9105,Apt 151,39-904-1751,4/8/2023,9/20/2023
Carine Febre,cfebreqf@quantcast.com,478-600-6321,Suite 66,14-536-4775,11/1/2022,3/16/2023
Rosalyn Manclark,rmanclarkqg@google.nl,691-960-6331,Room 1234,31-208-7926,5/13/2023,11/23/2022
Alano Loverock,aloverockqh@shop-pro.jp,358-918-7159,Room 424,23-307-5771,12/28/2022,3/21/2023
Lew Leatt,lleattqi@purevolume.com,607-915-8295,Room 1877,62-325-1058,5/18/2023,6/22/2023
Sabrina Krzyzanowski,skrzyzanowskiqj@narod.ru,626-996-2813,Suite 53,95-418-1399,9/5/2023,11/5/2022
Tadd Hambelton,thambeltonqk@jugem.jp,615-433-8367,PO Box 36069,62-206-8993,6/16/2023,6/16/2023
Jedidiah Foister,jfoisterql@ibm.com,264-197-6815,Room 83,24-074-2607,5/23/2023,10/2/2023
Miles Lapidus,mlapidusqm@google.fr,594-590-0910,Apt 703,08-981-5586,2/18/2023,10/11/2023
Raymund Blick,rblickqn@alibaba.com,306-923-6982,Apt 66,40-213-5941,8/8/2023,3/23/2023
Lovell Kellough,lkelloughqo@seesaa.net,801-279-3303,Suite 47,08-547-5246,3/20/2023,2/12/2023
Nathan Jaffrey,njaffreyqp@cpanel.net,296-911-6381,Apt 1019,14-238-9209,8/10/2023,3/13/2023
Dreddy Rumgay,drumgayqq@ibm.com,628-596-2762,Suite 86,65-496-3490,7/27/2023,4/13/2023
Maxie Rockwill,mrockwillqr@slashdot.org,514-450-5566,Apt 1411,69-871-7150,2/1/2023,9/1/2023
Debbi Anmore,danmoreqs@chicagotribune.com,345-815-4791,PO Box 83693,91-896-1285,1/6/2023,1/28/2023
Ferguson Huikerby,fhuikerbyqt@stumbleupon.com,701-107-9885,PO Box 31511,07-720-7493,3/1/2023,7/20/2023
Margie Daunter,mdaunterqu@dropbox.com,281-251-4126,Suite 74,36-629-9166,10/8/2023,1/19/2023
Andres Franklin,afranklinqv@feedburner.com,867-479-6126,17th Floor,26-907-2427,1/23/2023,12/8/2022
Verge Domerq,vdomerqqw@cornell.edu,101-192-2227,PO Box 15651,59-629-4274,4/5/2023,6/14/2023
Loutitia Chilton,lchiltonqx@tripod.com,212-347-1068,2nd Floor,29-597-7114,10/25/2023,12/10/2022
Angelico Nurcombe,anurcombeqy@abc.net.au,100-328-3853,Room 271,31-674-9987,9/2/2023,11/14/2022
Vernon Doerling,vdoerlingqz@irs.gov,631-142-4087,Apt 460,84-680-3801,5/16/2023,1/4/2023
Conrade Anning,canningr0@xinhuanet.com,700-937-4543,PO Box 11295,38-673-0774,10/21/2023,6/29/2023
Andree Wapplington,awapplingtonr1@geocities.com,691-851-6165,Suite 27,44-843-8487,11/26/2022,11/20/2022
Robby Scarratt,rscarrattr2@earthlink.net,282-709-2164,Room 230,33-286-9672,3/5/2023,11/22/2022
Mort Bramwell,mbramwellr3@seattletimes.com,773-894-9804,Apt 30,59-642-2372,2/21/2023,8/16/2023
Ilka Elcoux,ielcouxr4@wunderground.com,397-859-3931,10th Floor,88-935-3350,9/7/2023,3/7/2023
Lisabeth Datte,ldatter5@digg.com,703-954-8939,Suite 12,58-884-4721,2/9/2023,9/5/2023
Eimile MacKibbon,emackibbonr6@meetup.com,112-543-3432,Suite 48,18-459-9416,9/15/2023,5/7/2023
Phillip Daft,pdaftr7@miitbeian.gov.cn,615-624-6702,Room 322,24-192-9577,12/30/2022,6/5/2023
Erny Lunk,elunkr8@ca.gov,628-239-1839,Suite 1,85-087-6073,7/28/2023,9/28/2023
Mathias Pleaden,mpleadenr9@edublogs.org,573-955-2120,PO Box 12212,94-338-2584,2/3/2023,12/15/2022
Elsbeth Clemanceau,eclemanceaura@desdev.cn,148-585-2092,Room 959,42-674-7554,12/2/2022,2/9/2023
Megan Valentinetti,mvalentinettirb@fema.gov,372-210-3519,Room 939,79-493-2457,4/19/2023,9/8/2023
Stephen Caddell,scaddellrc@webmd.com,409-996-9468,Apt 563,51-480-9372,3/16/2023,2/5/2023
Isa Munford,imunfordrd@blog.com,315-641-6108,Room 670,02-721-9822,7/7/2023,1/13/2023
Gertrud Schwerin,gschwerinre@vimeo.com,322-898-6425,10th Floor,33-764-7463,8/12/2023,3/20/2023
Clementine Gable,cgablerf@marriott.com,977-492-7348,Apt 702,14-199-7439,5/6/2023,2/12/2023
Briana Trahear,btrahearrg@bluehost.com,367-298-1821,Suite 30,67-229-4075,1/30/2023,3/24/2023
Sebastien Iliffe,silifferh@cisco.com,782-446-2763,Apt 976,29-396-8325,6/21/2023,2/6/2023
Brenn Dangl,bdanglri@goodreads.com,204-206-8501,Room 399,77-040-8268,8/2/2023,11/12/2022
Fayina Hovert,fhovertrj@statcounter.com,504-451-8392,PO Box 21900,13-596-2506,2/18/2023,1/2/2023
Laurent Spencley,lspencleyrk@vkontakte.ru,842-830-6178,PO Box 40558,88-574-0273,2/10/2023,2/18/2023
Arri Low,alowrl@ed.gov,165-524-4555,Apt 235,47-942-1490,5/1/2023,3/16/2023
Papageno Spriggin,psprigginrm@dyndns.org,210-906-0654,PO Box 37688,17-658-7950,1/21/2023,12/26/2022
Dougy Crucetti,dcrucettirn@admin.ch,561-680-6936,Suite 25,69-021-0434,1/23/2023,2/28/2023
Bone Plowes,bplowesro@kickstarter.com,979-495-0860,PO Box 29984,02-701-2339,7/3/2023,8/11/2023
Jessamyn Luty,jlutyrp@reddit.com,839-348-5466,Apt 1009,04-126-1433,4/21/2023,1/27/2023
Gipsy Batterham,gbatterhamrq@state.tx.us,832-881-2856,Suite 36,11-093-8027,9/22/2023,1/5/2023
Poppy Mingard,pmingardrr@dropbox.com,875-494-7314,PO Box 14620,54-867-3106,10/12/2023,7/25/2023
